hnRNPK	186	M026_0.6	0	0.000231231	0.0224294	0.0224294	7	CCGACCC	CCAACCC	+
HNRNPL	104	M027_0.6	0	0.000282201	0.0273735	0.0178651	7	CCACACA	ACACACA	+
PCBP2	40	M043_0.6	-1	1.03178e-05	0.00100083	0.00100083	7	CCCUCCCC	CCUUCCC	+
PPRC1	194	M044_0.6	0	1.70506e-05	0.00165391	0.000826956	7	GCGCGCG	GCGCGCG	+
RBM4	194	M050_0.6	0	3.93207e-05	0.00381411	0.00127137	7	GCGCGCG	GCGCGGG	+
RBM8A	194	M054_0.6	0	5.34437e-06	0.000518404	0.000518404	7	GCGCGCG	GCGCGCG	+
SAMD4A	50	M061_0.6	0	1.5519e-05	0.00150534	0.00150534	7	GCUGGCC	GCUGGAC	+
SNRPA	24	M069_0.6	-1	0.000634253	0.0615225	0.0615225	7	UUUGCUCA	UUGCACA	+
SRSF7	89	M071_0.6	0	0.00033546	0.0325396	0.0325396	7	GACGCCG	GACGACGG	+
U2AF2	214	M077_0.6	0	0.000521324	0.0505684	0.0207556	7	CUUUUCC	UUUUUUC	+
ZC3H10	6	M083_0.6	0	9.92029e-05	0.00962268	0.00962268	7	CCAGCGCCG	GCAGCGC	+
(SRSF4)_(Drosophila_melanogaster)_(RBD_0.77)	52	M126_0.6	0	0.000307624	0.0298395	0.0298395	7	GGAGGAG	GGAGGGG	+
HNRNPH2	53	M151_0.6	-1	0.000401189	0.0389153	0.0389153	6	AGGGAGG	GGGAGGG	+
hnRNPLL	104	M169_0.6	0	0.000368352	0.0357302	0.0178651	7	CCACACA	ACACACA	+
PCBP1	9	M177_0.6	-2	0.000243272	0.0235974	0.0117987	7	UUCCUUCCC	CCUUUCC	+
PTBP1	214	M227_0.6	0	4.88393e-05	0.00473741	0.00473741	7	CUUUUCC	CUUUUCU	+
