1158	M004_0.6	0	2.90762e-05	0.00282039	0.0014102	7	UGUGUGU	UGUGUGU	+
124	M012_0.6	0	7.67209e-05	0.00744193	0.00510537	7	CCUUUUUC	CUUUUUU	+
977	M025_0.6	0	0.0002476	0.0240172	0.00300215	7	UUUUUUU	AUUUUUU	+
283	M026_0.6	0	0.000177805	0.0172471	0.0172471	7	CCAGCCC	CCAACCC	+
977	M031_0.6	0	7.34695e-05	0.00712654	0.00242332	7	UUUUUUU	UUAUUUU	+
1146	M032_0.6	0	0.000105992	0.0102813	0.00983554	7	ACAAACA	ACAAACA	+
939	M036_0.6	0	0.000967382	0.093836	0.093836	7	AAUCUUC	AAUCUUG	+
567	M037_0.6	0	0.000710363	0.0689052	0.052368	7	AGCUGGC	AGCUUGC	+
139	M042_0.6	-1	4.44942e-05	0.00431594	0.00431594	7	AAAAAAAA	AAAAAAA	+
281	M043_0.6	0	5.15892e-06	0.000500415	0.000500415	7	CCUCCCC	CCUUCCC	+
269	M044_0.6	0	1.70506e-05	0.00165391	0.000826956	7	GCGCGCG	GCGCGCG	+
1158	M049_0.6	1	0.000771397	0.0748255	0.0249418	6	UGUGUGU	GUGUGUG	+
269	M050_0.6	0	3.93207e-05	0.00381411	0.00127137	7	GCGCGCG	GCGCGGG	+
138	M053_0.6	0	4.6459e-05	0.00450653	0.00450653	7	GAAGGAAA	GAAGGAA	+
269	M054_0.6	0	5.34437e-06	0.000518404	0.000518404	7	GCGCGCG	GCGCGCG	+
637	M061_0.6	0	1.5519e-05	0.00150534	0.00150534	7	GCUGGCC	GCUGGAC	+
1013	M062_0.6	0	0.000161777	0.0156924	0.00784619	7	AGAAAAA	AGAAAAA	+
59	M065_0.6	0	0.000447145	0.0433731	0.0217823	7	GGGAGGAG	GGAAGGA	+
1038	M068_0.6	0	0.000980339	0.0950929	0.0950929	7	GAUCAAA	GAUCAAG	+
1062	M069_0.6	0	0.000267453	0.025943	0.025943	7	UUGCCCA	UUGCACA	+
60	M073_0.6	0	0.000545065	0.0528713	0.0528713	7	CGAUGCUG	CGAUACU	+
1131	M074_0.6	0	0.000239098	0.0231925	0.0231925	7	UGAAUGA	UGAAUGAG	+
977	M075_0.6	0	8.64732e-05	0.0083879	0.00242332	7	UUUUUUU	UUUUUUG	+
1219	M077_0.6	0	9.46541e-06	0.000918144	0.000918144	7	UUUUUUC	UUUUUUC	+
839	M081_0.6	0	6.19254e-06	0.000600677	0.000600677	7	AACAUCA	AACAUCA	+
839	M082_0.6	0	0.000149128	0.0144654	0.00723272	7	AACAUCA	AACAACA	+
42	M083_0.6	0	7.11292e-05	0.00689954	0.00689954	7	CCAGCGCG	GCAGCGC	+
944	M102_0.6	-1	0.000905099	0.0877946	0.0877946	6	AGGAGGA	GGAGGAC	+
589	M126_0.6	0	8.0832e-05	0.0078407	0.0078407	7	GGAGGGG	GGAGGGG	+
855	M140_0.6	0	0.00016571	0.0160738	0.0160738	7	AAGACAG	CAGACAG	+
99	M141_0.6	-1	0.000273489	0.0265284	0.0265284	7	CUGGGGGU	UGGGGAU	+
949	M143_0.6	0	0.00027632	0.0268031	0.0268031	7	UAUAUCC	UAUAUAC	+
757	M144_0.6	-1	0.000943083	0.091479	0.0182958	6	AGAAAAC	GAAAACC	+
1013	M146_0.6	0	0.000161777	0.0156924	0.00784619	7	AGAAAAA	AGAAAAA	+
795	M147_0.6	-1	0.000730343	0.0708433	0.0354216	6	AGACAGA	GACAGAU	+
757	M148_0.6	0	0.000388797	0.0377133	0.0182958	7	AGAAAAC	AGAAGAC	+
977	M149_0.6	0	0.000121102	0.0117469	0.00242332	7	UUUUUUU	CUUUUUU	+
977	M150_0.6	0	0.000114688	0.0111247	0.00242332	7	UUUUUUU	UUUUUUG	+
28	M151_0.6	-2	3.77692e-06	0.000366361	0.000366361	7	GAGGGAGGG	GGGAGGG	+
1158	M157_0.6	0	1.72412e-05	0.0016724	0.0014102	7	UGUGUGU	UGUGUGU	+
977	M158_0.6	0	0.000139829	0.0135634	0.00242332	7	UUUUUUU	AUUUUUU	+
85	M161_0.6	0	0.00012968	0.012579	0.012579	7	CAUCCAGA	AAUCCAG	+
757	M162_0.6	0	0.000428593	0.0415736	0.0182958	7	AGAAAAC	AGAAAAU	+
1146	M163_0.6	0	0.000202795	0.0196711	0.00983554	7	ACAAACA	ACAAACA	+
1146	M169_0.6	0	0.000583608	0.05661	0.01887	7	ACAAACA	ACACACA	+
131	M177_0.6	-1	0.000154818	0.0150173	0.00750865	7	UCCUUCCC	CCUUUCC	+
1170	M195_0.6	0	0.000765683	0.0742712	0.0742712	7	UCCAAAG	UCAAAAG	+
1000	M227_0.6	0	7.09057e-06	0.000687785	0.000687785	7	CUUUUCU	CUUUUCU	+
222	M245_0.6	7	0.000925253	0.0897495	0.0897495	7	CCCGCAG	CCGAAAGCCCGAAGUAGG	+
1135	M246_0.6	-1	0.000427203	0.0414387	0.0414387	5	CCUCAAA	CUCAA	+
23	M307_0.6	-2	0.000657799	0.0638065	0.0638065	5	AAAGGGAAA	AGGGA	+
175	M316_0.6	-3	0.000633782	0.0614769	0.0614769	4	AAAGGUGA	GGUG	+
858	M323_0.6	5	0.000392247	0.038048	0.038048	7	GUCAUUC	GGAGAGUCAUUCC	+
977	M328_0.6	4	0.000224564	0.0217827	0.00300215	7	UUUUUUU	AUCCUUUUUUUUCG	+
