61	M012_0.6	0	0.000264979	0.025703	0.00856766	7	CUUUUCU	CUUUUUU	+
126	M026_0.6	0	0.000155638	0.0150968	0.0150968	7	CCCACCC	CCAACCC	+
157	M027_0.6	0	8.99651e-05	0.00872661	0.00872661	7	ACACACC	ACACACA	+
112	M037_0.6	0	0.000710363	0.0689052	0.052368	7	AGCUGGC	AGCUUGC	+
167	M042_0.6	0	0.000862909	0.0837021	0.0724	7	AAAAAAG	AAAAAAA	+
126	M043_0.6	0	0.000354818	0.0344173	0.0172087	7	CCCACCC	CCUUCCC	+
117	M044_0.6	0	0.000150821	0.0146296	0.0146296	7	CCGCGCC	GCGCGCG	+
183	M061_0.6	0	0.000935829	0.0907754	0.0907754	7	GCUGGCU	GCUGGAC	+
70	M069_0.6	1	0.000266432	0.0258439	0.0258439	6	UGCACAC	UUGCACA	+
26	M070_0.6	1	0.000360346	0.0349535	0.0349535	7	GGAGAGG	AGGAGAGG	+
6	M077_0.6	0	8.06016e-05	0.00781836	0.00781836	7	UUUUUCCAU	UUUUUUC	+
61	M149_0.6	0	7.48148e-05	0.00725703	0.00362852	7	CUUUUCU	CUUUUUU	+
29	M151_0.6	0	0.000405656	0.0393486	0.0393486	7	GGGAGAG	GGGAGGG	+
65	M159_0.6	0	0.000764164	0.0741239	0.039325	7	UGCAGGC	UGCAUGC	+
157	M169_0.6	0	0.000220555	0.0213938	0.0106969	7	ACACACC	ACACACA	+
61	M227_0.6	0	7.09057e-06	0.000687785	0.000687785	7	CUUUUCU	CUUUUCU	+
123	M245_0.6	3	0.000309211	0.0299935	0.0299935	7	AAAGCCC	CCGAAAGCCCGAAGUAGG	+
21	M307_0.6	0	0.000438581	0.0425423	0.0425423	5	AGGGAAAU	AGGGA	+
