Query_ID	Target_ID	Optimal_offset	p-value	E-value	q-value	Overlap	Query_consensus	Target_consensus	Orientation
2	M044_0.6	-3	0.000867519	0.0841493	0.0841493	7	GCCCCCCGCG	GCGCGCG	+
5	M044_0.6	-1	8.3619e-05	0.00811104	0.00811104	7	CGCGCGCCG	GCGCGCG	+
5	M054_0.6	-1	0.000259928	0.0252131	0.0126065	7	CGCGCGCCG	GCGCGCG	+
6	M083_0.6	0	9.92029e-05	0.00962268	0.00962268	7	CCAGCGCCG	GCAGCGC	+
9	M043_0.6	-2	1.14447e-05	0.00111014	0.00111014	7	UUCCUUCCC	CCUUCCC	+
9	M177_0.6	-2	0.000243272	0.0235974	0.0117987	7	UUCCUUCCC	CCUUUCC	+
10	M043_0.6	-2	0.001008	0.0977756	0.0977756	7	CUCCUCCUC	CCUUCCC	+
11	M043_0.6	-2	1.99513e-05	0.00193528	0.00193528	7	GCCCCUCCC	CCUUCCC	+
13	M044_0.6	-1	0.000984723	0.0955181	0.0554694	7	CCCGCCCGC	GCGCGCG	+
14	M043_0.6	-1	0.000495757	0.0480884	0.0480884	7	CCCUGCCCC	CCUUCCC	+
15	M151_0.6	0	0.000482257	0.0467789	0.0467789	7	GGGAGGCA	GGGAGGG	+
18	M043_0.6	-1	0.0005805	0.0563085	0.0563085	7	CUCCUCCC	CCUUCCC	+
24	M069_0.6	-1	0.000634253	0.0615225	0.0615225	7	UUUGCUCA	UUGCACA	+
32	M043_0.6	0	0.000511844	0.0496489	0.0496489	7	CCGCCCCC	CCUUCCC	+
37	M050_0.6	0	0.000233847	0.0226831	0.0226831	7	GCGCCGGC	GCGCGGG	+
39	M151_0.6	-1	0.000726692	0.0704892	0.0461467	7	GGGGCGGG	GGGAGGG	+
39	M050_0.6	-1	0.000951478	0.0922934	0.0461467	7	GGGGCGGG	GCGCGGG	+
40	M043_0.6	-1	1.03178e-05	0.00100083	0.00100083	7	CCCUCCCC	CCUUCCC	+
40	M026_0.6	0	0.000724942	0.0703193	0.0345871	7	CCCUCCCC	CCAACCC	+
42	M044_0.6	0	0.000262697	0.0254816	0.0254816	7	CCGCGCCC	GCGCGCG	+
44	M043_0.6	-2	0.000480113	0.046571	0.046571	6	CCCCCUCC	CCUUCCC	+
45	M043_0.6	-1	0.000624094	0.0605371	0.0605371	7	CCCCGCCC	CCUUCCC	+
48	M043_0.6	1	0.000712133	0.0690769	0.0690769	6	CCUCCCGC	CCUUCCC	+
50	M061_0.6	0	1.5519e-05	0.00150534	0.00150534	7	GCUGGCC	GCUGGAC	+
52	M126_0.6	0	0.000307624	0.0298395	0.0298395	7	GGAGGAG	GGAGGGG	+
53	M151_0.6	-1	0.000401189	0.0389153	0.0389153	6	AGGGAGG	GGGAGGG	+
58	M061_0.6	0	0.000942579	0.0914302	0.0914302	7	GCUGGCA	GCUGGAC	+
59	M227_0.6	0	0.000918578	0.0891021	0.0891021	7	CUCUUCC	CUUUUCU	+
84	M044_0.6	0	0.000198392	0.019244	0.019244	7	GGGCGCG	GCGCGCG	+
84	M054_0.6	0	0.000539302	0.0523123	0.0261561	7	GGGCGCG	GCGCGCG	+
85	M083_0.6	0	0.000163364	0.0158463	0.0158463	7	GCCGCGC	GCAGCGC	+
85	M044_0.6	-1	0.00056104	0.0544209	0.0272105	6	GCCGCGC	GCGCGCG	+
87	M083_0.6	0	0.000342845	0.0332559	0.0332559	7	GCUGCGC	GCAGCGC	+
89	M071_0.6	0	0.00033546	0.0325396	0.0325396	7	GACGCCG	GACGACGG	+
98	M083_0.6	0	0.000370553	0.0359437	0.0359437	7	GCGGCGC	GCAGCGC	+
104	M027_0.6	0	0.000282201	0.0273735	0.0178651	7	CCACACA	ACACACA	+
104	M169_0.6	0	0.000368352	0.0357302	0.0178651	7	CCACACA	ACACACA	+
112	M050_0.6	-1	0.000196324	0.0190434	0.0108376	6	CGCGCGG	GCGCGGG	+
112	M054_0.6	1	0.000223456	0.0216753	0.0108376	6	CGCGCGG	GCGCGCG	+
112	M044_0.6	1	0.000465673	0.0451703	0.0150568	6	CGCGCGG	GCGCGCG	+
118	M061_0.6	0	0.000751917	0.0729359	0.0729359	7	GCUGGGC	GCUGGAC	+
142	M054_0.6	0	0.000109781	0.0106487	0.0106487	7	GCGCGCU	GCGCGCG	+
142	M044_0.6	0	0.000613539	0.0595133	0.0297566	7	GCGCGCU	GCGCGCG	+
160	M061_0.6	0	0.000248819	0.0241354	0.0241354	7	GCGGGCC	GCUGGAC	+
162	M054_0.6	0	0.00059089	0.0573164	0.0573164	7	GCGAGCG	GCGCGCG	+
168	M044_0.6	0	0.000769411	0.0746329	0.0746329	7	CGGCGCC	GCGCGCG	+
175	M083_0.6	0	0.000773093	0.07499	0.07499	7	CCACCGC	GCAGCGC	+
183	M050_0.6	0	0.000205159	0.0199004	0.0199004	7	GCGGGGG	GCGCGGG	+
184	M054_0.6	0	0.000198392	0.019244	0.019244	7	GCGGGCG	GCGCGCG	+
184	M044_0.6	0	0.00101724	0.0986723	0.0493361	7	GCGGGCG	GCGCGCG	+
186	M026_0.6	0	0.000231231	0.0224294	0.0224294	7	CCGACCC	CCAACCC	+
188	M050_0.6	0	3.93207e-05	0.00381411	0.00381411	7	GCGCGGC	GCGCGGG	+
194	M054_0.6	0	5.34437e-06	0.000518404	0.000518404	7	GCGCGCG	GCGCGCG	+
194	M044_0.6	0	1.70506e-05	0.00165391	0.000826956	7	GCGCGCG	GCGCGCG	+
194	M050_0.6	0	3.93207e-05	0.00381411	0.00127137	7	GCGCGCG	GCGCGGG	+
214	M227_0.6	0	4.88393e-05	0.00473741	0.00473741	7	CUUUUCC	CUUUUCU	+
214	M077_0.6	0	0.000521324	0.0505684	0.0207556	7	CUUUUCC	UUUUUUC	+
214	M177_0.6	0	0.000641925	0.0622667	0.0207556	7	CUUUUCC	CCUUUCC	+
216	M043_0.6	0	0.000395057	0.0383205	0.0383205	7	CCUCCGC	CCUUCCC	+
221	M044_0.6	0	0.000445511	0.0432145	0.0432145	7	GCCCGCC	GCGCGCG	+
222	M043_0.6	0	0.000455981	0.0442302	0.0442302	7	CCUCGCC	CCUUCCC	+
226	M043_0.6	0	0.000423922	0.0411204	0.0411204	7	CCCUCGC	CCUUCCC	+
228	M043_0.6	0	0.000176981	0.0171672	0.0171672	7	CCGUCCC	CCUUCCC	+
228	M026_0.6	0	0.000587171	0.0569556	0.0284778	7	CCGUCCC	CCAACCC	+
229	M043_0.6	0	4.98688e-05	0.00483727	0.00483727	7	CCCCCCC	CCUUCCC	+
230	M043_0.6	1	0.000375723	0.0364451	0.0364451	6	CUCCCCG	CCUUCCC	+
234	M043_0.6	1	0.000154588	0.014995	0.014995	6	CUUCCCC	CCUUCCC	+

# Tomtom (Motif Comparison Tool): Version 5.3.0 compiled on Dec 14 2020 at 23:56:07
# The format of this file is described at http://meme-suite.org/doc/tomtom-output-format.html.
# tomtom -no-ssc -oc . -verbosity 1 -min-overlap 5 -dist pearson -evalue -thresh 0.1 -norc -o ./04_Motif_Comparison_Output/cyto_tomtom ./04_Motif_Comparison_Output/cyto_favour_motif_consensus_seq_rna.meme ../../motif_databases/CISBP-RNA/Homo_sapiens.meme
