chr	start	end	strand	ensembl_transcript_id	FPB_circ_rep1	FPB_circ_rep2	mean_FPB_circ
chrX	6150994	6151771	-	ENST00000381093.6	0.274895279331	1.25489652782	0.7648959035755
chrX	8585266	8597256	-	ENST00000262648.8	1.09958111732	0	0.54979055866
chrX	14843659	14859334	-	ENST00000643728.1	1.64937167598	1.25489652782	1.4521341019
chrX	14850504	14859334	-	ENST00000643728.1	1.09958111732	0	0.54979055866
chrX	24172714	24179770	+	ENST00000379188.7	2.19916223464	1.25489652782	1.72702938123
chrX	45010960	45020730	+	ENST00000382899.8	0.824685837992	0.62744826391	0.726067050951
chrX	53614533	53615835	-	ENST00000612484.4	1.09958111732	0	0.54979055866
chrX	73577406	73584572	+	ENST00000373504.10	0.549790558661	0.941172395865	0.745481477263
chrX	148661907	148662768	+	ENST00000370460.6	1.09958111732	1.88234479173	1.490962954525
chr13	28197184	28220378	+	ENST00000503791.5	0.549790558661	0.941172395865	0.745481477263
chr13	32517856	32527532	-	ENST00000357505.10	1.37447639665	1.56862065978	1.471548528215
chr13	41865735	41868477	-	ENST00000379310.8	0.824685837992	0.941172395865	0.8829291169285
chr13	45151686	45207505	+	ENST00000340473.8	0.824685837992	0.313724131955	0.5692049849735
chr13	59833106	59839448	-	ENST00000400324.8	0.549790558661	1.56862065978	1.0592056092205
chr13	95723241	95725252	+	ENST00000602402.6	0.824685837992	0.941172395865	0.8829291169285
chr13	95757643	95763953	+	ENST00000602402.6	1.09958111732	1.56862065978	1.33410088855
chr13	99238426	99244624	+	ENST00000403766.7	0.824685837992	0.313724131955	0.5692049849735
chr13	100257594	100273346	+	ENST00000376279.7	1.64937167598	1.56862065978	1.60899616788
chr13	110622215	110624279	+	ENST00000470164.2	1.09958111732	2.19606892369	1.647825020505
chr12	350620	356537	-	ENST00000399788.6	0.824685837992	0.313724131955	0.5692049849735
chr12	1027747	1028572	+	ENST00000543086.7	1.09958111732	1.56862065978	1.33410088855
chr12	12179809	12187119	-	ENST00000261349.9	1.09958111732	0	0.54979055866
chr12	12244261	12244655	-	ENST00000261349.9	3.84853391063	1.88234479173	2.86543935118
chr12	26996741	26999676	-	ENST00000343028.9	0.824685837992	0.62744826391	0.726067050951
chr12	31495809	31499671	-	ENST00000536562.5	0.274895279331	0.941172395865	0.608033837598
chr12	32598496	32611283	+	ENST00000534526.6	1.09958111732	0.62744826391	0.863514690615
chr12	42210354	42210619	-	ENST00000551268.5	0.274895279331	1.56862065978	0.9217579695555
chr12	42210354	42210680	-	ENST00000546726.5	0.824685837992	2.19606892369	1.510377380841
chr12	48939654	48941188	-	ENST00000398092.4	1.37447639665	0	0.687238198325
chr12	49991997	49992655	-	ENST00000427314.6	0.549790558661	1.25489652782	0.9023435432405
chr12	50427761	50430570	+	ENST00000293618.12	0.274895279331	0.941172395865	0.608033837598
chr12	50462581	50467120	+	ENST00000293618.12	0.274895279331	0.941172395865	0.608033837598
chr12	69251128	69262562	+	ENST00000435070.7	3.02384807264	1.88234479173	2.453096432185
chr12	69589484	69592159	+	ENST00000299300.11	1.09958111732	0	0.54979055866
chr12	69589484	69593613	+	ENST00000299300.11	0.824685837992	0.941172395865	0.8829291169285
chr12	69755383	69756663	+	ENST00000247833.11	1.37447639665	0	0.687238198325
chr12	69800208	69801721	+	ENST00000247833.11	3.84853391063	4.39213784737	4.120335879
chr12	70278131	70311017	+	ENST00000552231.5	0.824685837992	0.62744826391	0.726067050951
chr12	95208842	95211267	-	ENST00000343958.9	3.02384807264	3.13724131955	3.080544696095
chr12	97492460	97561047	+	ENST00000640149.1	1.92426695531	2.19606892369	2.0601679395
chr12	108652271	108654410	-	ENST00000261401.7	1.37447639665	3.13724131955	2.2558588581
chr12	109102838	109103611	+	ENST00000242576.6	1.09958111732	0.313724131955	0.7066526246375
chr12	111554157	111555919	-	ENST00000642389.2	1.92426695531	0.62744826391	1.27585760961
chr12	116096668	116111512	-	ENST00000281928.8	1.09958111732	1.88234479173	1.490962954525
chr12	116928022	116964854	+	ENST00000652555.1	1.37447639665	0.313724131955	0.8441002643025
chr12	120154969	120155719	-	ENST00000300648.7	3.29874335197	7.52937916692	5.414061259445
chr12	120782654	120784593	-	ENST00000353487.7	1.09958111732	0	0.54979055866
chr12	122577671	122580670	+	ENST00000333479.12	0.274895279331	0.941172395865	0.608033837598
chr12	132734384	132735512	-	ENST00000357997.10	0.824685837992	0.313724131955	0.5692049849735
chr12	133191488	133192003	+	ENST00000540096.2	1.09958111732	0	0.54979055866
chr11	3731390	3753408	-	ENST00000359171.8	0.824685837992	0.941172395865	0.8829291169285
chr11	8435493	8464822	-	ENST00000447869.5	0.274895279331	1.25489652782	0.7648959035755
chr11	9429673	9431003	+	ENST00000379719.8	0.824685837992	0.941172395865	0.8829291169285
chr11	14771936	14789242	+	ENST00000282096.9	2.47405751398	0	1.23702875699
chr11	18291441	18292019	-	ENST00000396253.7	0.549790558661	1.88234479173	1.2160676751955
chr11	18291441	18292976	-	ENST00000396253.7	0.824685837992	1.25489652782	1.039791182906
chr11	27373550	27374046	-	ENST00000389858.4	0.274895279331	0.941172395865	0.608033837598
chr11	32588593	32589135	+	ENST00000531120.6	0.824685837992	0.62744826391	0.726067050951
chr11	32589546	32596047	+	ENST00000531120.6	0.824685837992	0.941172395865	0.8829291169285
chr11	32927156	32935435	+	ENST00000650167.1	1.64937167598	2.19606892369	1.922720299835
chr11	33286412	33287511	+	ENST00000525975.5	12.0953922905	12.2352411463	12.1653167184
chr11	34071725	34076642	+	ENST00000341394.9	0.549790558661	1.56862065978	1.0592056092205
chr11	36227084	36227430	+	ENST00000524419.5	2.19916223464	1.88234479173	2.040753513185
chr11	43830975	43840064	+	ENST00000278353.10	0.824685837992	0.313724131955	0.5692049849735
chr11	46076753	46092223	-	ENST00000323180.10	3.02384807264	1.25489652782	2.13937230023
chr11	46493607	46508370	-	ENST00000314845.7	1.09958111732	0.941172395865	1.0203767565925
chr11	61366044	61367998	+	ENST00000278826.11	0.824685837992	0.62744826391	0.726067050951
chr11	61437624	61438113	+	ENST00000544025.5	2.74895279331	1.56862065978	2.158786726545
chr11	62638982	62639731	-	ENST00000532402.5	1.92426695531	1.88234479173	1.90330587352
chr11	62852909	62853035	-	ENST00000384756.1	1.09958111732	0	0.54979055866
chr11	63749990	63750198	+	ENST00000341307.6	0.824685837992	0.313724131955	0.5692049849735
chr11	68505144	68519651	+	ENST00000530427.5	0.824685837992	0.313724131955	0.5692049849735
chr11	73707419	73718718	-	ENST00000336083.7	0.824685837992	0.62744826391	0.726067050951
chr11	75400390	75400538	+	ENST00000384214.1	1.37447639665	0	0.687238198325
chr11	75404420	75404566	+	ENST00000384714.1	3.02384807264	0	1.51192403632
chr11	77619605	77625818	-	ENST00000525428.5	0.824685837992	0.313724131955	0.5692049849735
chr11	77619605	77629899	-	ENST00000525428.5	0.274895279331	0.941172395865	0.608033837598
chr11	77624962	77625818	-	ENST00000525428.5	2.74895279331	0.941172395865	1.8450625945875
chr11	85996825	86031611	-	ENST00000393346.8	0.824685837992	0.941172395865	0.8829291169285
chr11	86011029	86031611	-	ENST00000393346.8	0.824685837992	0.941172395865	0.8829291169285
chr11	86022366	86031611	-	ENST00000393346.8	0.549790558661	0.62744826391	0.5886194112855
chr11	86255221	86256512	+	ENST00000528180.5	0.549790558661	0.941172395865	0.745481477263
chr11	89421901	89451895	-	ENST00000263317.9	0.274895279331	1.25489652782	0.7648959035755
chr11	92352095	92355404	+	ENST00000409404.6	2.74895279331	4.39213784737	3.57054532034
chr11	94799389	94800311	+	ENST00000317829.12	1.37447639665	0.941172395865	1.1578243962575
chr11	102205892	102209564	+	ENST00000282441.10	1.09958111732	0	0.54979055866
chr11	108227594	108267342	+	ENST00000527805.5	0.274895279331	0.941172395865	0.608033837598
chr11	108227594	108335961	+	ENST00000278616.8	0.549790558661	0.62744826391	0.5886194112855
chr11	108267170	108267342	+	ENST00000527805.5	0.274895279331	1.25489652782	0.7648959035755
chr11	117152440	117163892	+	ENST00000527958.6	0.274895279331	1.25489652782	0.7648959035755
chr11	118554458	118559864	-	ENST00000264021.7	0.274895279331	0.941172395865	0.608033837598
chr11	120476660	120477526	+	ENST00000397843.7	0.274895279331	0.941172395865	0.608033837598
chr11	129123445	129124894	-	ENST00000310343.13	0.824685837992	0.62744826391	0.726067050951
chr11	130109428	130110661	+	ENST00000650012.1	0.549790558661	0.62744826391	0.5886194112855
chr11	130260855	130261929	-	ENST00000445008.6	3.29874335197	1.25489652782	2.276819939895
chr10	1080010	1080476	+	ENST00000358220.5	1.64937167598	0.941172395865	1.2952720359225
chr10	5773841	5800705	-	ENST00000380191.9	1.64937167598	0	0.82468583799
chr10	5785141	5800705	-	ENST00000380191.9	1.09958111732	0.941172395865	1.0203767565925
chr10	5794884	5800705	-	ENST00000380191.9	0.824685837992	0.62744826391	0.726067050951
chr10	7276891	7285954	-	ENST00000361972.8	1.09958111732	1.56862065978	1.33410088855
chr10	7797046	7802854	+	ENST00000493053.5	1.37447639665	2.50979305564	1.942134726145
chr10	11851996	11852215	+	ENST00000474155.1	0.824685837992	0.62744826391	0.726067050951
chr10	11997671	12014184	-	ENST00000356352.6	1.09958111732	0	0.54979055866
chr10	12081471	12091684	+	ENST00000263035.9	0.549790558661	1.88234479173	1.2160676751955
chr10	12081471	12094271	+	ENST00000263035.9	1.37447639665	0.941172395865	1.1578243962575
chr10	12081471	12120267	+	ENST00000263035.9	0.824685837992	0.313724131955	0.5692049849735
chr10	27169943	27171083	+	ENST00000375946.8	1.37447639665	0.941172395865	1.1578243962575
chr10	31373017	31387266	+	ENST00000488625.6	0.824685837992	0.62744826391	0.726067050951
chr10	31373017	31461237	+	ENST00000488625.6	0.549790558661	0.62744826391	0.5886194112855
chr10	31908171	31910563	-	ENST00000375245.8	8.24685837992	5.33331024324	6.79008431158
chr10	68459103	68470163	-	ENST00000551118.6	0.274895279331	0.941172395865	0.608033837598
chr10	68468122	68470163	-	ENST00000551118.6	1.64937167598	0.62744826391	1.138409969945
chr10	68644697	68647005	+	ENST00000373644.5	3.29874335197	4.07841371542	3.688578533695
chr10	68651845	68652594	+	ENST00000373644.5	0.549790558661	0.62744826391	0.5886194112855
chr10	68959805	68960249	+	ENST00000354185.9	1.09958111732	0	0.54979055866
chr10	84371013	84373815	+	ENST00000372088.8	0.274895279331	0.941172395865	0.608033837598
chr10	96944112	96952196	+	ENST00000371103.8	1.37447639665	1.56862065978	1.471548528215
chr10	100923974	100926019	+	ENST00000649226.1	1.37447639665	1.56862065978	1.471548528215
chr10	101667885	101676436	-	ENST00000331272.8	0.549790558661	1.88234479173	1.2160676751955
chr10	101792838	101807901	-	ENST00000439817.5	0.549790558661	1.25489652782	0.9023435432405
chr10	101792838	101810314	-	ENST00000439817.5	0.824685837992	0.313724131955	0.5692049849735
chr10	102157018	102158214	+	ENST00000605788.5	0.274895279331	1.25489652782	0.7648959035755
chr10	110596397	110598290	+	ENST00000361804.4	1.64937167598	1.25489652782	1.4521341019
chr10	124681606	124682379	-	ENST00000494792.1	1.92426695531	0.941172395865	1.4327196755875
chr10	125038996	125111093	-	ENST00000337195.9	0.274895279331	0.941172395865	0.608033837598
chr10	126970701	127000307	+	ENST00000280333.9	0.824685837992	0.941172395865	0.8829291169285
chr17	1636708	1637062	-	ENST00000263071.9	0.824685837992	0.313724131955	0.5692049849735
chr17	1842802	1844686	+	ENST00000571058.5	0.824685837992	0.62744826391	0.726067050951
chr17	4242255	4242448	-	ENST00000341657.9	0.824685837992	0.313724131955	0.5692049849735
chr17	4282797	4296814	-	ENST00000396981.6	0.549790558661	0.62744826391	0.5886194112855
chr17	6447462	6447758	+	ENST00000250056.12	1.09958111732	0	0.54979055866
chr17	7499038	7499491	+	ENST00000617998.4	1.09958111732	1.25489652782	1.17723882257
chr17	7576810	7576952	+	ENST00000459579.1	4.12342918996	5.64703437519	4.885231782575
chr17	20204332	20205912	+	ENST00000395527.8	12.6451828492	15.0587583338	13.8519705915
chr17	20245925	20260294	+	ENST00000395527.8	0.549790558661	0.62744826391	0.5886194112855
chr17	21017941	21028674	-	ENST00000261497.9	0.274895279331	0.941172395865	0.608033837598
chr17	29285991	29287716	-	ENST00000225388.9	0.549790558661	1.56862065978	1.0592056092205
chr17	31155982	31169997	+	ENST00000487476.5	0.549790558661	0.62744826391	0.5886194112855
chr17	31982998	31988497	+	ENST00000322652.10	0.824685837992	0.62744826391	0.726067050951
chr17	39684596	39686019	-	ENST00000300658.9	0.824685837992	0.313724131955	0.5692049849735
chr17	39708320	39710481	+	ENST00000584601.5	1.37447639665	1.88234479173	1.62841059419
chr17	42838730	42839380	+	ENST00000545225.5	1.09958111732	0	0.54979055866
chr17	47664158	47674782	+	ENST00000535458.6	0.824685837992	0.62744826391	0.726067050951
chr17	48112030	48113401	+	ENST00000581298.5	0.824685837992	0.941172395865	0.8829291169285
chr17	49311311	49312845	-	ENST00000508237.5	1.09958111732	0	0.54979055866
chr17	55401468	55403868	-	ENST00000262065.8	0.274895279331	0.941172395865	0.608033837598
chr17	59570517	59573235	+	ENST00000251241.9	0.824685837992	0.313724131955	0.5692049849735
chr17	59731420	59738947	+	ENST00000586245.5	1.37447639665	1.25489652782	1.314686462235
chr17	61776400	61780401	-	ENST00000259008.6	1.37447639665	0.941172395865	1.1578243962575
chr17	64171099	64188415	-	ENST00000583097.5	1.09958111732	1.25489652782	1.17723882257
chr17	67945408	67975958	+	ENST00000306378.11	0.824685837992	0.941172395865	0.8829291169285
chr17	73235475	73236995	+	ENST00000255557.8	0.549790558661	0.941172395865	0.745481477263
chr17	81855141	81855586	-	ENST00000575069.5	0.824685837992	0.941172395865	0.8829291169285
chr17	82563353	82568201	+	ENST00000473637.6	1.92426695531	0.62744826391	1.27585760961
chr17	82763964	82781721	+	ENST00000355528.9	1.37447639665	1.56862065978	1.471548528215
chr17	82900650	82911789	+	ENST00000355528.9	2.19916223464	3.45096545151	2.825063843075
chr16	346147	347106	-	ENST00000262320.8	1.09958111732	0	0.54979055866
chr16	1314019	1320517	+	ENST00000355803.8	0.824685837992	0.62744826391	0.726067050951
chr16	3850296	3851009	-	ENST00000262367.9	2.47405751398	1.56862065978	2.02133908688
chr16	4261778	4262701	-	ENST00000204517.11	0.549790558661	0.62744826391	0.5886194112855
chr16	11020192	11126146	+	ENST00000409790.6	1.09958111732	0.313724131955	0.7066526246375
chr16	11020192	11024921	+	ENST00000409790.6	0.274895279331	1.56862065978	0.9217579695555
chr16	11020192	11061022	+	ENST00000409790.6	1.09958111732	0.941172395865	1.0203767565925
chr16	18797924	18798834	-	ENST00000567078.2	0.549790558661	0.941172395865	0.745481477263
chr16	21968627	21976243	+	ENST00000268379.8	0.824685837992	0.313724131955	0.5692049849735
chr16	30704063	30704315	+	ENST00000262518.9	0.549790558661	1.25489652782	0.9023435432405
chr16	30728965	30729572	+	ENST00000262518.9	1.09958111732	0	0.54979055866
chr16	47109482	47132025	-	ENST00000562435.5	2.19916223464	0	1.09958111732
chr16	47497398	47515601	+	ENST00000566037.6	1.64937167598	1.25489652782	1.4521341019
chr16	58560211	58560362	-	ENST00000317147.10	0.274895279331	1.25489652782	0.7648959035755
chr16	66725827	66729099	-	ENST00000258198.7	1.09958111732	0	0.54979055866
chr16	67610823	67612121	+	ENST00000646076.1	1.09958111732	0	0.54979055866
chr16	68121986	68126610	+	ENST00000553077.5	6.04769614527	8.78427569474	7.415985920005
chr16	68121986	68123121	+	ENST00000553077.5	3.84853391063	3.45096545151	3.64974968107
chr16	69370482	69372355	-	ENST00000254942.8	0.824685837992	0.62744826391	0.726067050951
chr16	71765488	71769699	-	ENST00000299980.8	0.549790558661	0.62744826391	0.5886194112855
chr16	74660931	74661451	-	ENST00000361070.9	0.824685837992	0.62744826391	0.726067050951
chr16	77816920	77825461	+	ENST00000302536.3	1.37447639665	0.941172395865	1.1578243962575
chr16	84740308	84745673	+	ENST00000219473.11	0.549790558661	2.19606892369	1.3729297411755
chr16	87975047	87984259	+	ENST00000439677.5	1.37447639665	0	0.687238198325
chr16	89418283	89431326	-	ENST00000378330.7	0.549790558661	0.62744826391	0.5886194112855
chr16	89895037	89900794	+	ENST00000640279.1	1.37447639665	0.313724131955	0.8441002643025
chr15	25085189	25087599	+	ENST00000549804.7	0.824685837992	0.313724131955	0.5692049849735
chr15	25405460	25411971	-	ENST00000638011.1	1.92426695531	3.45096545151	2.68761620341
chr15	41668827	41669958	+	ENST00000563576.5	7.69706782126	7.21565503497	7.456361428115
chr15	41696074	41699159	+	ENST00000563576.5	2.19916223464	3.13724131955	2.668201777095
chr15	43753823	43756766	+	ENST00000300289.10	0.274895279331	0.941172395865	0.608033837598
chr15	43761423	43763206	+	ENST00000300289.10	0.274895279331	1.56862065978	0.9217579695555
chr15	49235850	49239367	+	ENST00000559883.5	1.37447639665	0.941172395865	1.1578243962575
chr15	55624341	55627128	-	ENST00000389286.9	0.824685837992	0.941172395865	0.8829291169285
chr15	58912562	58913696	-	ENST00000380516.7	0.824685837992	0.313724131955	0.5692049849735
chr15	58912562	58916999	-	ENST00000380516.7	2.47405751398	0	1.23702875699
chr15	63529013	63574403	+	ENST00000558157.5	0.549790558661	0.62744826391	0.5886194112855
chr15	64418540	64425631	+	ENST00000261884.7	1.09958111732	0	0.54979055866
chr15	67231813	67236820	-	ENST00000261880.9	2.47405751398	1.25489652782	1.8644770209
chr15	75859877	75873568	+	ENST00000267938.8	0.824685837992	0.62744826391	0.726067050951
chr15	75876186	75879188	+	ENST00000267938.8	1.09958111732	0	0.54979055866
chr15	76274411	76295737	-	ENST00000557943.6	0.274895279331	0.941172395865	0.608033837598
chr15	80098415	80122800	+	ENST00000261749.11	1.09958111732	0	0.54979055866
chr15	80120327	80122800	+	ENST00000613266.4	2.19916223464	0	1.09958111732
chr15	85655416	85669830	+	ENST00000559362.5	0.274895279331	0.941172395865	0.608033837598
chr15	89888520	89889140	-	ENST00000336418.9	1.64937167598	0.62744826391	1.138409969945
chr15	98707561	98708107	+	ENST00000649865.1	0.274895279331	0.941172395865	0.608033837598
chr15	101235081	101235577	-	ENST00000254190.4	2.19916223464	0.62744826391	1.413305249275
chr14	20325538	20326793	-	ENST00000398160.6	1.37447639665	0.62744826391	1.00096233028
chr14	21230318	21234229	-	ENST00000336053.10	1.09958111732	0.62744826391	0.863514690615
chr14	21392149	21392253	-	ENST00000362566.1	0.824685837992	1.56862065978	1.196653248886
chr14	21503172	21503881	-	ENST00000298717.9	3.84853391063	3.13724131955	3.49288761509
chr14	22909482	22911403	-	ENST00000359890.8	0.274895279331	1.56862065978	0.9217579695555
chr14	22950313	22952683	-	ENST00000206474.11	1.09958111732	0.62744826391	0.863514690615
chr14	23033367	23033674	-	ENST00000555895.5	1.09958111732	0	0.54979055866
chr14	24266429	24268619	-	ENST00000399409.7	0.824685837992	0.62744826391	0.726067050951
chr14	31127784	31133675	-	ENST00000399332.6	0.549790558661	0.62744826391	0.5886194112855
chr14	32090501	32094386	+	ENST00000556611.5	8.79664893858	7.84310329888	8.31987611873
chr14	32090501	32117287	+	ENST00000556611.5	3.84853391063	4.39213784737	4.120335879
chr14	37285317	37369624	+	ENST00000396294.6	0.549790558661	0.62744826391	0.5886194112855
chr14	39179090	39179462	+	ENST00000216832.9	1.09958111732	0	0.54979055866
chr14	49669523	49674427	-	ENST00000216367.10	0.549790558661	0.941172395865	0.745481477263
chr14	54702061	54702580	+	ENST00000554335.5	1.09958111732	1.56862065978	1.33410088855
chr14	55648024	55648870	+	ENST00000395314.8	0.549790558661	0.62744826391	0.5886194112855
chr14	60115718	60125823	+	ENST00000317623.8	0.549790558661	0.62744826391	0.5886194112855
chr14	61721508	61721823	+	ENST00000553999.5	0.549790558661	0.62744826391	0.5886194112855
chr14	65561336	65561766	+	ENST00000360689.9	1.92426695531	0.313724131955	1.1189955436325
chr14	67269700	67303599	+	ENST00000261681.8	0.274895279331	0.941172395865	0.608033837598
chr14	69116365	69122360	-	ENST00000341516.9	0.549790558661	0.62744826391	0.5886194112855
chr14	73147794	73148106	+	ENST00000557293.5	2.74895279331	0.941172395865	1.8450625945875
chr14	73147794	73148094	+	ENST00000557356.5	0.549790558661	2.50979305564	1.5297918071505
chr14	75100991	75103997	-	ENST00000238616.10	0.549790558661	0.62744826391	0.5886194112855
chr14	75109684	75110371	-	ENST00000238616.10	0.824685837992	0.62744826391	0.726067050951
chr14	76166662	76180849	+	ENST00000554375.5	0.549790558661	0.62744826391	0.5886194112855
chr14	93293857	93296157	-	ENST00000334746.10	0.549790558661	0.62744826391	0.5886194112855
chr14	96833466	96860735	+	ENST00000216639.8	1.92426695531	2.50979305564	2.217030005475
chr14	99458278	99465813	-	ENST00000331768.10	8.79664893858	7.21565503497	8.006151986775
chr14	102040235	102040673	+	ENST00000360184.10	1.64937167598	1.88234479173	1.765858233855
chr14	102194937	102209862	+	ENST00000335263.9	0.824685837992	0.62744826391	0.726067050951
chr14	103662115	103662927	+	ENST00000472726.2	1.09958111732	0.941172395865	1.0203767565925
chr19	1032391	1032696	+	ENST00000263097.9	2.47405751398	0	1.23702875699
chr19	3660965	3662001	-	ENST00000335312.7	1.37447639665	3.13724131955	2.2558588581
chr19	4941527	4941931	+	ENST00000612630.4	0.824685837992	0.62744826391	0.726067050951
chr19	5047475	5082504	+	ENST00000611640.4	0.549790558661	0.941172395865	0.745481477263
chr19	5604582	5604936	-	ENST00000252542.9	2.47405751398	1.88234479173	2.178201152855
chr19	5641593	5641946	+	ENST00000588852.2	1.09958111732	0	0.54979055866
chr19	6230569	6270759	-	ENST00000252674.9	1.09958111732	0.62744826391	0.863514690615
chr19	11113277	11113762	+	ENST00000558518.5	0.274895279331	0.941172395865	0.608033837598
chr19	11546674	11546969	+	ENST00000592923.5	0.549790558661	0.62744826391	0.5886194112855
chr19	12928341	12928847	-	ENST00000314606.9	0.824685837992	1.88234479173	1.353515314861
chr19	14458030	14458375	+	ENST00000585839.5	1.09958111732	0.313724131955	0.7066526246375
chr19	17101659	17102557	+	ENST00000595618.5	1.92426695531	2.8235171876	2.373892071455
chr19	18537600	18538433	-	ENST00000596558.6	0.549790558661	1.25489652782	0.9023435432405
chr19	18537600	18538436	-	ENST00000597960.7	1.09958111732	1.56862065978	1.33410088855
chr19	18539370	18539720	-	ENST00000597960.7	3.29874335197	2.50979305564	2.904268203805
chr19	18573292	18573748	+	ENST00000596304.5	1.09958111732	0.313724131955	0.7066526246375
chr19	29985222	29986417	+	ENST00000360605.8	0.549790558661	1.56862065978	1.0592056092205
chr19	34430575	34434968	+	ENST00000607361.5	1.92426695531	2.50979305564	2.217030005475
chr19	34430575	34438766	+	ENST00000246548.9	0.549790558661	0.62744826391	0.5886194112855
chr19	34431860	34434968	+	ENST00000607361.5	1.64937167598	1.88234479173	1.765858233855
chr19	36712385	36712867	+	ENST00000536254.6	0.549790558661	1.25489652782	0.9023435432405
chr19	40583397	40583717	+	ENST00000600733.5	1.92426695531	1.25489652782	1.589581741565
chr19	40736985	40737769	+	ENST00000263370.3	1.37447639665	0.62744826391	1.00096233028
chr19	41248513	41248820	+	ENST00000301178.9	0.274895279331	1.25489652782	0.7648959035755
chr19	45263112	45263367	+	ENST00000587566.5	2.74895279331	2.8235171876	2.786234990455
chr19	45277922	45278615	+	ENST00000262891.9	0.824685837992	0.62744826391	0.726067050951
chr19	45277922	45280734	+	ENST00000262891.9	0.824685837992	0.313724131955	0.5692049849735
chr19	45854174	45854507	-	ENST00000593504.5	1.09958111732	0	0.54979055866
chr19	47362475	47362693	+	ENST00000328771.9	1.37447639665	1.88234479173	1.62841059419
chr19	48633443	48633655	-	ENST00000222122.9	0.549790558661	0.941172395865	0.745481477263
chr19	48913010	48913564	+	ENST00000405315.9	0.274895279331	0.941172395865	0.608033837598
chr19	52282110	52283413	+	ENST00000439461.6	0.549790558661	0.62744826391	0.5886194112855
chr19	58260850	58263676	+	ENST00000652201.1	0.549790558661	1.25489652782	0.9023435432405
chr19	58392975	58393487	+	ENST00000601521.5	1.37447639665	0.313724131955	0.8441002643025
chr18	756556	756835	-	ENST00000577961.5	1.09958111732	0	0.54979055866
chr18	2890560	2892486	+	ENST00000254528.4	0.824685837992	0.62744826391	0.726067050951
chr18	9182381	9221999	+	ENST00000262126.9	2.19916223464	0.941172395865	1.5701673152525
chr18	9583116	9595102	-	ENST00000400555.7	1.09958111732	0	0.54979055866
chr18	9583116	9595153	-	ENST00000400556.7	0.824685837992	0.941172395865	0.8829291169285
chr18	12999420	13001582	+	ENST00000589596.5	1.09958111732	0	0.54979055866
chr18	12999420	13019206	+	ENST00000506447.5	3.02384807264	2.50979305564	2.76682056414
chr18	12999420	13073185	+	ENST00000506447.5	0.549790558661	1.25489652782	0.9023435432405
chr18	13048858	13059312	+	ENST00000506447.5	0.274895279331	0.941172395865	0.608033837598
chr18	21366026	21403994	+	ENST00000584446.5	1.09958111732	1.25489652782	1.17723882257
chr18	21765771	21779685	+	ENST00000578646.5	1.64937167598	5.01958611128	3.33447889363
chr18	21765771	21819646	+	ENST00000578646.5	0.549790558661	0.941172395865	0.745481477263
chr18	32111753	32113860	+	ENST00000261593.8	4.39832446929	5.33331024324	4.865817356265
chr18	36026899	36033837	-	ENST00000590898.5	0.549790558661	0.62744826391	0.5886194112855
chr18	42043732	42049605	+	ENST00000639914.1	0.549790558661	0.62744826391	0.5886194112855
chr18	44701174	44701832	+	ENST00000426838.8	0.824685837992	0.941172395865	0.8829291169285
chr18	44949880	44953340	+	ENST00000649279.1	0.549790558661	0.941172395865	0.745481477263
chr18	47865058	47896809	-	ENST00000262160.11	1.09958111732	1.88234479173	1.490962954525
chr18	49272177	49379758	-	ENST00000269445.10	0.824685837992	0.313724131955	0.5692049849735
chr18	49331863	49379758	-	ENST00000269445.10	0.549790558661	1.25489652782	0.9023435432405
chr18	58934432	58953799	+	ENST00000336078.8	1.09958111732	1.56862065978	1.33410088855
chr18	58939444	58939621	+	ENST00000336078.8	0.549790558661	0.941172395865	0.745481477263
chr18	62348167	62349937	+	ENST00000639222.1	1.09958111732	0.62744826391	0.863514690615
chr18	62830034	62830231	+	ENST00000262719.10	1.64937167598	0.62744826391	1.138409969945
chr22	17503081	17505016	+	ENST00000400585.6	1.37447639665	0	0.687238198325
chr22	20933778	20934244	+	ENST00000354336.8	10.7209158939	6.90193090301	8.811423398455
chr22	21799011	21807846	-	ENST00000215832.10	0.549790558661	0.941172395865	0.745481477263
chr22	24302194	24347176	+	ENST00000437398.5	0.824685837992	0.62744826391	0.726067050951
chr22	28296197	28297852	-	ENST00000612946.4	2.47405751398	1.88234479173	2.178201152855
chr22	32478980	32479275	+	ENST00000266087.12	0.824685837992	0.313724131955	0.5692049849735
chr22	38245934	38248019	-	ENST00000361906.8	0.274895279331	0.941172395865	0.608033837598
chr22	38521607	38568289	-	ENST00000216024.7	2.47405751398	2.50979305564	2.49192528481
chr22	38537591	38568289	-	ENST00000216024.7	1.09958111732	1.88234479173	1.490962954525
chr22	41808874	41813822	+	ENST00000255784.5	1.92426695531	1.25489652782	1.589581741565
chr22	41808874	41810291	+	ENST00000255784.5	2.47405751398	2.19606892369	2.335063218835
chr22	42890946	42891182	-	ENST00000337959.8	1.09958111732	0	0.54979055866
chr22	45689711	45718493	+	ENST00000252934.10	1.09958111732	1.25489652782	1.17723882257
chr22	45700281	45740538	+	ENST00000381061.8	0.549790558661	0.941172395865	0.745481477263
chr22	45729424	45740538	+	ENST00000381061.8	1.64937167598	0.941172395865	1.2952720359225
chr20	2964271	2965202	+	ENST00000380393.7	0.824685837992	1.25489652782	1.039791182906
chr20	2986764	2988474	+	ENST00000380393.7	1.09958111732	0.313724131955	0.7066526246375
chr20	16526091	16528440	-	ENST00000354981.6	0.549790558661	0.941172395865	0.745481477263
chr20	17947485	17957037	-	ENST00000483485.5	0.824685837992	0.941172395865	0.8829291169285
chr20	17955364	17957037	-	ENST00000483485.5	1.09958111732	2.50979305564	1.80468708648
chr20	17956932	17961326	-	ENST00000475716.5	0.549790558661	0.62744826391	0.5886194112855
chr20	32366383	32369123	+	ENST00000651418.1	6.04769614527	4.39213784737	5.21991699632
chr20	32791600	32792770	+	ENST00000328111.6	0.549790558661	1.25489652782	0.9023435432405
chr20	33619516	33623296	+	ENST00000342704.10	1.92426695531	0.941172395865	1.4327196755875
chr20	35714184	35725155	-	ENST00000639702.1	1.64937167598	2.50979305564	2.07958236581
chr20	35721739	35725155	-	ENST00000639702.1	1.37447639665	0.62744826391	1.00096233028
chr20	35729311	35732135	-	ENST00000639702.1	1.37447639665	0.941172395865	1.1578243962575
chr20	36578740	36578966	+	ENST00000373874.6	1.09958111732	0	0.54979055866
chr20	38057531	38066256	+	ENST00000373433.8	2.19916223464	0.62744826391	1.413305249275
chr20	41092471	41101353	+	ENST00000361337.3	0.824685837992	0.941172395865	0.8829291169285
chr20	43702489	43705358	+	ENST00000396863.8	0.549790558661	0.62744826391	0.5886194112855
chr20	45902266	45902604	-	ENST00000354050.8	0.549790558661	1.56862065978	1.0592056092205
chr20	58438944	58441083	+	ENST00000475243.5	2.19916223464	1.56862065978	1.88389144721
chr20	63775677	63790790	-	ENST00000245663.8	5.22301030728	6.58820677106	5.90560853917
chr21	15014343	15043574	-	ENST00000318948.7	4.94811502795	7.52937916692	6.238747097435
chr21	15762890	15766141	+	ENST00000285679.10	0.549790558661	1.56862065978	1.0592056092205
chr21	25954589	25955755	-	ENST00000354192.7	0.549790558661	0.62744826391	0.5886194112855
chr21	29321220	29329693	+	ENST00000286800.8	1.09958111732	1.56862065978	1.33410088855
chr21	31164961	31203012	-	ENST00000286827.7	0.549790558661	0.941172395865	0.745481477263
chr21	33718796	33722651	+	ENST00000399353.5	0.274895279331	0.941172395865	0.608033837598
chr21	37420298	37421866	+	ENST00000643854.1	3.84853391063	2.8235171876	3.336025549115
chr21	37420298	37430400	+	ENST00000455097.6	0.824685837992	0.313724131955	0.5692049849735
chr21	39206107	39212707	-	ENST00000333229.6	1.09958111732	0.62744826391	0.863514690615
chr21	45128401	45134832	+	ENST00000462214.5	2.19916223464	0.941172395865	1.5701673152525
chr7	6585015	6585260	+	ENST00000405731.7	0.824685837992	0.313724131955	0.5692049849735
chr7	16258389	16278226	-	ENST00000407010.7	1.09958111732	0.313724131955	0.7066526246375
chr7	22291174	22318037	-	ENST00000344041.10	1.64937167598	1.88234479173	1.765858233855
chr7	22308338	22318037	-	ENST00000344041.10	0.824685837992	1.56862065978	1.196653248886
chr7	22960255	22991139	-	ENST00000432176.6	0.824685837992	0.313724131955	0.5692049849735
chr7	22976209	22991139	-	ENST00000432176.6	0.549790558661	1.25489652782	0.9023435432405
chr7	23611170	23611553	+	ENST00000307471.8	1.09958111732	0	0.54979055866
chr7	24620051	24668660	+	ENST00000396475.6	1.92426695531	1.56862065978	1.746443807545
chr7	24623662	24650712	+	ENST00000432190.5	1.09958111732	0.313724131955	0.7066526246375
chr7	24623665	24650712	+	ENST00000222644.9	0.824685837992	1.56862065978	1.196653248886
chr7	24623665	24668660	+	ENST00000222644.9	3.5736386313	3.45096545151	3.512302041405
chr7	24623665	24680520	+	ENST00000222644.9	0.824685837992	1.25489652782	1.039791182906
chr7	27629370	27632445	-	ENST00000265395.7	0.549790558661	0.62744826391	0.5886194112855
chr7	30621392	30622462	+	ENST00000389266.8	0.824685837992	0.62744826391	0.726067050951
chr7	43639448	43640649	-	ENST00000415076.6	0.274895279331	0.941172395865	0.608033837598
chr7	44645326	44647759	+	ENST00000443864.6	1.09958111732	0	0.54979055866
chr7	50669721	50703908	-	ENST00000398810.6	0.824685837992	1.25489652782	1.039791182906
chr7	50669721	50756056	-	ENST00000335866.7	0.549790558661	0.62744826391	0.5886194112855
chr7	50755886	50780736	-	ENST00000401949.6	0.274895279331	0.941172395865	0.608033837598
chr7	55982209	55983868	+	ENST00000446692.5	0.549790558661	0.941172395865	0.745481477263
chr7	66127703	66134374	+	ENST00000450043.2	1.09958111732	0	0.54979055866
chr7	66240324	66241270	+	ENST00000304842.6	1.09958111732	0.313724131955	0.7066526246375
chr7	66286510	66286709	+	ENST00000480281.5	0.549790558661	0.62744826391	0.5886194112855
chr7	66573384	66576932	-	ENST00000649635.1	0.274895279331	0.941172395865	0.608033837598
chr7	71415888	71421105	+	ENST00000333538.10	0.824685837992	1.56862065978	1.196653248886
chr7	73459535	73470483	-	ENST00000339594.9	0.549790558661	0.62744826391	0.5886194112855
chr7	73686635	73687095	+	ENST00000265758.6	1.64937167598	1.25489652782	1.4521341019
chr7	77581426	77583650	+	ENST00000248594.11	1.09958111732	0	0.54979055866
chr7	87964633	87978412	+	ENST00000412441.5	0.549790558661	0.62744826391	0.5886194112855
chr7	90726566	90726812	+	ENST00000449528.5	1.92426695531	0.62744826391	1.27585760961
chr7	90747680	90790652	+	ENST00000380050.8	2.19916223464	0	1.09958111732
chr7	98190727	98194572	+	ENST00000297293.6	1.64937167598	0	0.82468583799
chr7	98191613	98194572	+	ENST00000297293.6	0.549790558661	0.941172395865	0.745481477263
chr7	99525812	99526418	+	ENST00000326775.9	0.549790558661	1.25489652782	0.9023435432405
chr7	100023418	100024307	+	ENST00000324306.11	2.74895279331	4.39213784737	3.57054532034
chr7	100812746	100813208	-	ENST00000360620.7	2.19916223464	3.13724131955	2.668201777095
chr7	105462620	105468463	-	ENST00000481939.5	0.549790558661	0.62744826391	0.5886194112855
chr7	122113117	122133741	-	ENST00000417368.7	2.19916223464	1.56862065978	1.88389144721
chr7	129014978	129018157	-	ENST00000265388.9	2.19916223464	3.76468958346	2.98192590905
chr7	129205202	129206587	+	ENST00000249373.8	3.5736386313	7.21565503497	5.394646833135
chr7	130039463	130049144	-	ENST00000358303.8	1.09958111732	0	0.54979055866
chr7	131508950	131511433	-	ENST00000446198.5	1.64937167598	1.56862065978	1.60899616788
chr7	135577795	135593192	+	ENST00000285968.11	1.37447639665	2.19606892369	1.78527266017
chr7	138504289	138538803	+	ENST00000343526.9	0.274895279331	0.941172395865	0.608033837598
chr7	138519188	138551180	+	ENST00000343526.9	1.09958111732	1.56862065978	1.33410088855
chr7	139715931	139717015	-	ENST00000406875.8	0.274895279331	0.941172395865	0.608033837598
chr7	140355667	140358785	-	ENST00000477571.5	1.09958111732	0	0.54979055866
chr7	140355667	140369682	-	ENST00000477571.5	0.274895279331	0.941172395865	0.608033837598
chr7	148846469	148847305	-	ENST00000492143.5	0.824685837992	2.50979305564	1.667239446816
chr7	149153944	149154340	+	ENST00000426851.6	0.549790558661	0.941172395865	0.745481477263
chr7	152309965	152315338	-	ENST00000262189.11	1.37447639665	1.56862065978	1.471548528215
chr7	155672866	155680908	+	ENST00000287912.7	2.47405751398	3.13724131955	2.805649416765
chr7	155706859	155718443	+	ENST00000401878.8	0.824685837992	0.313724131955	0.5692049849735
chr7	156826604	156836885	-	ENST00000353442.9	0.824685837992	2.19606892369	1.510377380841
chr6	3076763	3077935	+	ENST00000259808.9	1.37447639665	0.313724131955	0.8441002643025
chr6	3410187	3415855	-	ENST00000436008.6	1.92426695531	2.8235171876	2.373892071455
chr6	4891712	4892379	+	ENST00000328908.9	1.64937167598	4.07841371542	2.8638926957
chr6	7176654	7189322	+	ENST00000379933.7	0.274895279331	1.56862065978	0.9217579695555
chr6	10703404	10704844	+	ENST00000379568.4	1.09958111732	1.88234479173	1.490962954525
chr6	13579450	13584225	+	ENST00000397350.6	0.549790558661	0.62744826391	0.5886194112855
chr6	16326393	16328470	-	ENST00000244769.8	0.824685837992	0.62744826391	0.726067050951
chr6	18236451	18258405	-	ENST00000652689.1	2.74895279331	1.25489652782	2.001924660565
chr6	22020338	22020542	+	ENST00000606851.5	0.824685837992	0.62744826391	0.726067050951
chr6	28271853	28272787	+	ENST00000421553.6	0.824685837992	0.313724131955	0.5692049849735
chr6	34606554	34646798	-	ENST00000374023.8	0.824685837992	0.941172395865	0.8829291169285
chr6	35619095	35642843	-	ENST00000539068.5	0.274895279331	1.25489652782	0.7648959035755
chr6	43055544	43056445	-	ENST00000388752.8	0.274895279331	1.25489652782	0.7648959035755
chr6	47283937	47286595	-	ENST00000296861.2	6.3225914246	4.39213784737	5.357364635985
chr6	49472062	49472183	+	ENST00000335783.4	0.824685837992	0.313724131955	0.5692049849735
chr6	70426438	70452571	+	ENST00000418814.6	0.549790558661	0.62744826391	0.5886194112855
chr6	75702644	75703072	+	ENST00000370010.6	1.92426695531	1.25489652782	1.589581741565
chr6	82957311	83044659	-	ENST00000369747.8	1.09958111732	1.88234479173	1.490962954525
chr6	83398366	83407901	-	ENST00000369705.4	0.549790558661	0.62744826391	0.5886194112855
chr6	89743149	89750532	-	ENST00000369393.8	1.09958111732	0.313724131955	0.7066526246375
chr6	89751430	89762530	-	ENST00000369393.8	1.09958111732	0	0.54979055866
chr6	110887504	110888983	+	ENST00000368885.8	0.824685837992	0.941172395865	0.8829291169285
chr6	110887504	110890356	+	ENST00000368885.8	0.824685837992	2.50979305564	1.667239446816
chr6	116689319	116692392	+	ENST00000413340.5	0.824685837992	0.941172395865	0.8829291169285
chr6	135039572	135042126	-	ENST00000367837.9	0.274895279331	0.941172395865	0.608033837598
chr6	136694139	136698682	-	ENST00000359015.5	0.274895279331	0.941172395865	0.608033837598
chr6	138943512	138944622	-	ENST00000450536.6	0.549790558661	1.25489652782	0.9023435432405
chr6	149369908	149379518	+	ENST00000637181.2	0.549790558661	0.62744826391	0.5886194112855
chr6	157036834	157084905	+	ENST00000452544.2	3.02384807264	1.25489652782	2.13937230023
chr6	158573419	158589782	+	ENST00000367090.3	0.549790558661	0.941172395865	0.745481477263
chr6	158583953	158589782	+	ENST00000367090.3	2.19916223464	1.88234479173	2.040753513185
chr6	161034258	161049979	+	ENST00000366919.6	3.02384807264	2.8235171876	2.92368263012
chr6	163455278	163478896	+	ENST00000361758.8	1.37447639665	0	0.687238198325
chr6	167022408	167033971	+	ENST00000622353.4	0.274895279331	0.941172395865	0.608033837598
chr6	170537233	170549113	-	ENST00000262193.7	0.549790558661	0.62744826391	0.5886194112855
chr5	10415487	10417404	+	ENST00000274140.10	0.549790558661	1.25489652782	0.9023435432405
chr5	32135571	32143880	-	ENST00000265070.7	1.64937167598	2.19606892369	1.922720299835
chr5	41794002	41807438	-	ENST00000196371.10	0.824685837992	0.313724131955	0.5692049849735
chr5	58988492	58993465	-	ENST00000340635.11	0.824685837992	0.62744826391	0.726067050951
chr5	61472680	61494410	+	ENST00000252744.6	1.64937167598	0.941172395865	1.2952720359225
chr5	61472680	61473037	+	ENST00000252744.6	0.824685837992	2.19606892369	1.510377380841
chr5	65170616	65197151	-	ENST00000381055.8	1.92426695531	1.25489652782	1.589581741565
chr5	68226289	68227009	+	ENST00000521381.6	1.09958111732	0	0.54979055866
chr5	69174876	69175537	+	ENST00000506572.5	1.37447639665	2.50979305564	1.942134726145
chr5	72861807	72865729	+	ENST00000337273.9	1.09958111732	1.25489652782	1.17723882257
chr5	73074741	73077493	+	ENST00000430046.7	2.19916223464	1.56862065978	1.88389144721
chr5	74634683	74636498	-	ENST00000302351.8	1.64937167598	1.25489652782	1.4521341019
chr5	74813839	74841679	-	ENST00000514215.5	1.92426695531	1.56862065978	1.746443807545
chr5	74834425	74841679	-	ENST00000510496.5	1.64937167598	1.25489652782	1.4521341019
chr5	75343852	75344332	+	ENST00000511206.5	0.824685837992	0.313724131955	0.5692049849735
chr5	77463094	77464809	-	ENST00000296679.9	2.19916223464	0	1.09958111732
chr5	78089392	78129307	-	ENST00000255194.10	0.824685837992	0.62744826391	0.726067050951
chr5	79439009	79457018	-	ENST00000334082.10	1.37447639665	1.56862065978	1.471548528215
chr5	94643272	94654752	+	ENST00000265140.10	1.09958111732	0	0.54979055866
chr5	109713519	109716264	+	ENST00000261483.4	0.824685837992	0.941172395865	0.8829291169285
chr5	109713519	109729513	+	ENST00000261483.4	1.92426695531	1.56862065978	1.746443807545
chr5	123545416	123557564	+	ENST00000345990.8	1.37447639665	3.76468958346	2.569582990055
chr5	124639132	124644661	-	ENST00000504926.5	0.549790558661	0.62744826391	0.5886194112855
chr5	124701013	124701269	-	ENST00000504926.5	4.12342918996	4.70586197933	4.414645584645
chr5	126568258	126570859	-	ENST00000637782.1	0.549790558661	0.941172395865	0.745481477263
chr5	132892163	132893118	-	ENST00000265343.10	0.824685837992	0.313724131955	0.5692049849735
chr5	134741062	134744052	+	ENST00000297156.4	1.09958111732	0.313724131955	0.7066526246375
chr5	137985256	137988315	-	ENST00000033079.7	3.84853391063	3.76468958346	3.806611747045
chr5	138006989	138021197	-	ENST00000033079.7	0.549790558661	0.62744826391	0.5886194112855
chr5	139278326	139279129	+	ENST00000512107.5	5.49790558661	4.39213784737	4.94502171699
chr5	139363758	139364743	+	ENST00000265192.9	0.274895279331	0.941172395865	0.608033837598
chr5	151790322	151791062	+	ENST00000394123.7	0.824685837992	0.62744826391	0.726067050951
chr5	151797226	151799313	+	ENST00000394123.7	0.824685837992	0.313724131955	0.5692049849735
chr5	168488601	168494650	+	ENST00000231572.8	1.37447639665	0	0.687238198325
chr5	176943334	176958154	-	ENST00000377227.8	3.5736386313	1.88234479173	2.727991711515
chr5	179709872	179720560	+	ENST00000504734.5	1.09958111732	0	0.54979055866
chr5	180261683	180280608	-	ENST00000452135.6	0.549790558661	1.25489652782	0.9023435432405
chr4	1900625	1904378	+	ENST00000508803.6	2.74895279331	1.88234479173	2.31564879252
chr4	1900625	1935262	+	ENST00000508803.6	1.09958111732	0.62744826391	0.863514690615
chr4	1900625	1918623	+	ENST00000508803.6	1.37447639665	0.62744826391	1.00096233028
chr4	3086938	3107423	+	ENST00000355072.10	1.64937167598	0.313724131955	0.9815479039675
chr4	3316069	3343053	+	ENST00000344733.9	0.824685837992	0.62744826391	0.726067050951
chr4	4648976	4649542	+	ENST00000610009.5	1.09958111732	1.25489652782	1.17723882257
chr4	10097710	10103986	-	ENST00000499869.7	1.09958111732	0	0.54979055866
chr4	22401430	22402799	-	ENST00000334304.10	0.824685837992	0.62744826391	0.726067050951
chr4	25847293	25847864	-	ENST00000399878.8	1.09958111732	0.941172395865	1.0203767565925
chr4	37631384	37638504	-	ENST00000314117.8	1.09958111732	2.8235171876	1.96154915246
chr4	38054198	38103157	+	ENST00000261439.9	0.274895279331	0.941172395865	0.608033837598
chr4	53399729	53428183	+	ENST00000337488.11	0.274895279331	0.941172395865	0.608033837598
chr4	53414614	53428183	+	ENST00000337488.11	1.37447639665	0.941172395865	1.1578243962575
chr4	55411613	55417985	+	ENST00000381334.10	3.02384807264	2.19606892369	2.609958498165
chr4	73085248	73092300	-	ENST00000358602.8	0.824685837992	1.25489652782	1.039791182906
chr4	73090666	73092300	-	ENST00000358602.8	1.92426695531	3.45096545151	2.68761620341
chr4	73118687	73125312	-	ENST00000358602.8	0.549790558661	1.25489652782	0.9023435432405
chr4	76134174	76144473	-	ENST00000507257.5	4.12342918996	4.70586197933	4.414645584645
chr4	76144148	76144473	-	ENST00000507257.5	1.09958111732	0.313724131955	0.7066526246375
chr4	76738760	76741926	+	ENST00000296043.7	1.09958111732	0	0.54979055866
chr4	76995780	77020670	+	ENST00000510515.5	0.824685837992	0.313724131955	0.5692049849735
chr4	77066248	77066405	-	ENST00000237654.9	0.549790558661	0.941172395865	0.745481477263
chr4	78826036	78851056	+	ENST00000389010.7	1.09958111732	0.313724131955	0.7066526246375
chr4	82878729	82881940	-	ENST00000395310.7	0.274895279331	0.941172395865	0.608033837598
chr4	86693586	86701801	+	ENST00000427191.6	1.09958111732	0	0.54979055866
chr4	86764592	86767976	+	ENST00000427191.6	0.274895279331	0.941172395865	0.608033837598
chr4	87046165	87047594	+	ENST00000395146.8	1.92426695531	5.01958611128	3.471926533295
chr4	87195323	87195690	-	ENST00000273963.10	1.09958111732	1.88234479173	1.490962954525
chr4	107682014	107694006	-	ENST00000265174.5	1.09958111732	0.313724131955	0.7066526246375
chr4	112562370	112585725	-	ENST00000445203.6	1.09958111732	0.941172395865	1.0203767565925
chr4	120754552	120811449	-	ENST00000264808.7	1.09958111732	0.941172395865	1.0203767565925
chr4	122935713	122979386	+	ENST00000274008.5	1.09958111732	0.313724131955	0.7066526246375
chr4	127921523	127939997	-	ENST00000641686.1	0.824685837992	0.941172395865	0.8829291169285
chr4	128992166	129003876	-	ENST00000651532.1	1.37447639665	0.313724131955	0.8441002643025
chr4	139060323	139073567	-	ENST00000394235.6	0.549790558661	0.941172395865	0.745481477263
chr4	139125163	139139497	-	ENST00000394235.6	1.37447639665	0.62744826391	1.00096233028
chr4	139137629	139139497	-	ENST00000394235.6	0.824685837992	0.313724131955	0.5692049849735
chr4	143543508	143543972	+	ENST00000283131.4	6.3225914246	5.96075850715	6.141674965875
chr4	147822726	147822957	+	ENST00000510379.1	1.37447639665	0.313724131955	0.8441002643025
chr4	147857552	147881932	+	ENST00000336498.7	0.824685837992	0.62744826391	0.726067050951
chr4	147939824	147955374	+	ENST00000336498.7	1.09958111732	1.25489652782	1.17723882257
chr4	147946616	147966839	+	ENST00000336498.7	0.274895279331	0.941172395865	0.608033837598
chr4	152411302	152412529	-	ENST00000281708.10	3.29874335197	4.07841371542	3.688578533695
chr4	153394261	153397333	+	ENST00000240488.7	0.549790558661	0.62744826391	0.5886194112855
chr4	168890921	168916027	+	ENST00000505667.6	0.824685837992	0.313724131955	0.5692049849735
chr4	177353307	177353728	+	ENST00000264596.4	1.09958111732	1.25489652782	1.17723882257
chr4	177353307	177360677	+	ENST00000264596.4	1.09958111732	0.941172395865	1.0203767565925
chr4	182323945	182346929	+	ENST00000513201.1	0.549790558661	0.62744826391	0.5886194112855
chr4	185247293	185267155	+	ENST00000618785.4	0.274895279331	0.941172395865	0.608033837598
chr4	186663298	186709845	-	ENST00000441802.7	2.74895279331	3.76468958346	3.256821188385
chr4	186706562	186709845	-	ENST00000441802.7	18.9677742738	15.0587583338	17.0132663038
chr3	3777724	3789074	-	ENST00000470751.5	0.549790558661	0.941172395865	0.745481477263
chr3	8935870	8941804	-	ENST00000264926.7	1.37447639665	0	0.687238198325
chr3	9750944	9751949	+	ENST00000302003.11	1.09958111732	0	0.54979055866
chr3	11358417	11426926	+	ENST00000354956.9	1.09958111732	0.941172395865	1.0203767565925
chr3	12516610	12519197	+	ENST00000446004.5	0.824685837992	0.941172395865	0.8829291169285
chr3	27379248	27452498	-	ENST00000440156.5	0.549790558661	0.62744826391	0.5886194112855
chr3	31576395	31580096	+	ENST00000453168.5	1.92426695531	1.88234479173	1.90330587352
chr3	31876432	31879830	-	ENST00000396556.6	0.549790558661	0.941172395865	0.745481477263
chr3	33068229	33068970	-	ENST00000399402.7	1.09958111732	0	0.54979055866
chr3	47425484	47428670	-	ENST00000265565.10	3.29874335197	2.50979305564	2.904268203805
chr3	47435007	47443091	-	ENST00000265565.10	2.19916223464	0.62744826391	1.413305249275
chr3	47678197	47686170	-	ENST00000254480.10	0.549790558661	0.62744826391	0.5886194112855
chr3	50065030	50066502	+	ENST00000442092.5	0.549790558661	1.25489652782	0.9023435432405
chr3	56592969	56594028	+	ENST00000394672.7	1.09958111732	2.19606892369	1.647825020505
chr3	63912587	63913225	+	ENST00000474112.5	0.824685837992	0.941172395865	0.8829291169285
chr3	78938600	78938927	-	ENST00000464233.6	0.549790558661	0.941172395865	0.745481477263
chr3	93995873	94003908	+	ENST00000394222.7	0.549790558661	1.88234479173	1.2160676751955
chr3	111112029	111126335	+	ENST00000485303.6	0.824685837992	0.941172395865	0.8829291169285
chr3	113249721	113250833	+	ENST00000495514.5	0.549790558661	1.25489652782	0.9023435432405
chr3	125313307	125331238	-	ENST00000360647.8	2.47405751398	1.56862065978	2.02133908688
chr3	128262127	128264781	+	ENST00000254730.11	1.64937167598	0.62744826391	1.138409969945
chr3	128795359	128807671	+	ENST00000265062.7	1.09958111732	0.313724131955	0.7066526246375
chr3	129880308	129880559	-	ENST00000505924.5	1.64937167598	1.88234479173	1.765858233855
chr3	130930415	130941699	+	ENST00000505330.5	0.824685837992	0.62744826391	0.726067050951
chr3	134175608	134195182	-	ENST00000460933.5	1.92426695531	0.941172395865	1.4327196755875
chr3	136260478	136262065	+	ENST00000251654.9	1.37447639665	0	0.687238198325
chr3	142736378	142748460	+	ENST00000476941.6	3.29874335197	2.50979305564	2.904268203805
chr3	146121111	146124229	-	ENST00000282903.10	0.824685837992	0.941172395865	0.8829291169285
chr3	149846010	149921227	+	ENST00000392894.7	0.824685837992	0.62744826391	0.726067050951
chr3	151116337	151127984	+	ENST00000309237.8	1.37447639665	2.8235171876	2.098996792125
chr3	158122102	158123991	+	ENST00000480820.5	1.09958111732	3.76468958346	2.43213535039
chr3	168309304	168314176	+	ENST00000511230.2	0.549790558661	0.62744826391	0.5886194112855
chr3	170136418	170149244	-	ENST00000495893.7	1.37447639665	1.56862065978	1.471548528215
chr3	170145422	170149244	-	ENST00000495893.7	1.09958111732	1.25489652782	1.17723882257
chr3	170359698	170361429	+	ENST00000259119.9	0.549790558661	0.941172395865	0.745481477263
chr3	171188701	171194635	-	ENST00000436636.7	1.09958111732	0.313724131955	0.7066526246375
chr3	172112451	172133546	+	ENST00000415807.7	1.09958111732	3.13724131955	2.118411218435
chr3	172247532	172251541	+	ENST00000415807.7	1.64937167598	1.56862065978	1.60899616788
chr3	183379296	183389779	-	ENST00000328913.7	0.549790558661	0.62744826391	0.5886194112855
chr3	196391812	196403019	-	ENST00000296328.9	8.52175365925	5.64703437519	7.08439401722
chr3	197090911	197119530	-	ENST00000346964.6	1.09958111732	0.941172395865	1.0203767565925
chr3	197104902	197119530	-	ENST00000346964.6	1.92426695531	0	0.962133477655
chr3	197115926	197119530	-	ENST00000346964.6	1.92426695531	0	0.962133477655
chr3	197865422	197866219	+	ENST00000438796.6	0.824685837992	0.313724131955	0.5692049849735
chr2	8943186	8958642	-	ENST00000305997.8	2.74895279331	3.13724131955	2.94309705643
chr2	10419733	10420135	+	ENST00000307845.8	0.549790558661	0.62744826391	0.5886194112855
chr2	20307977	20327378	-	ENST00000361078.6	0.824685837992	0.313724131955	0.5692049849735
chr2	23958300	23984831	+	ENST00000446425.2	1.37447639665	0	0.687238198325
chr2	26364301	26375148	+	ENST00000613142.4	0.549790558661	0.941172395865	0.745481477263
chr2	28783906	28788809	+	ENST00000358506.6	2.19916223464	3.13724131955	2.668201777095
chr2	31917925	31932135	-	ENST00000295065.9	1.09958111732	1.56862065978	1.33410088855
chr2	32377587	32406557	+	ENST00000421745.6	1.37447639665	0	0.687238198325
chr2	32377587	32416163	+	ENST00000421745.6	1.09958111732	0.313724131955	0.7066526246375
chr2	32414768	32416163	+	ENST00000421745.6	0.549790558661	0.941172395865	0.745481477263
chr2	36396613	36442735	+	ENST00000280527.7	1.64937167598	0	0.82468583799
chr2	36441257	36442735	+	ENST00000280527.7	1.09958111732	1.56862065978	1.33410088855
chr2	37316236	37317179	-	ENST00000379066.5	2.19916223464	2.19606892369	2.197615579165
chr2	40428472	40430304	-	ENST00000406785.6	0.824685837992	0.313724131955	0.5692049849735
chr2	43428099	43430302	-	ENST00000405975.6	0.824685837992	0.62744826391	0.726067050951
chr2	44201185	44209327	+	ENST00000419807.5	1.37447639665	0.62744826391	1.00096233028
chr2	44209209	44218537	+	ENST00000649044.1	0.274895279331	1.25489652782	0.7648959035755
chr2	45546731	45562756	-	ENST00000263736.5	0.274895279331	1.56862065978	0.9217579695555
chr2	53714383	53716743	-	ENST00000406053.5	0.549790558661	0.62744826391	0.5886194112855
chr2	54982514	54987698	-	ENST00000394609.6	4.12342918996	1.56862065978	2.84602492487
chr2	55025085	55028220	-	ENST00000405240.5	2.74895279331	1.56862065978	2.158786726545
chr2	58198593	58232112	-	ENST00000403295.7	1.09958111732	0.941172395865	1.0203767565925
chr2	58221941	58232112	-	ENST00000403295.7	2.74895279331	3.45096545151	3.09995912241
chr2	61103852	61106662	+	ENST00000453186.5	0.824685837992	0.313724131955	0.5692049849735
chr2	61485767	61490776	-	ENST00000401558.6	1.09958111732	0.313724131955	0.7066526246375
chr2	61522610	61526521	-	ENST00000401558.6	1.92426695531	2.50979305564	2.217030005475
chr2	61522610	61533903	-	ENST00000401558.6	3.5736386313	5.96075850715	4.767198569225
chr2	63433744	63439871	-	ENST00000272321.12	0.549790558661	0.941172395865	0.745481477263
chr2	72465159	72480750	-	ENST00000272427.10	0.824685837992	0.313724131955	0.5692049849735
chr2	72718102	72733118	-	ENST00000272427.10	2.47405751398	2.50979305564	2.49192528481
chr2	73432197	73455295	+	ENST00000484298.5	0.824685837992	0.941172395865	0.8829291169285
chr2	85555483	85556260	-	ENST00000233838.9	0.824685837992	0.313724131955	0.5692049849735
chr2	99169549	99171429	-	ENST00000422537.6	0.549790558661	0.941172395865	0.745481477263
chr2	109564365	109565859	-	ENST00000397712.7	0.274895279331	0.941172395865	0.608033837598
chr2	121605700	121606180	-	ENST00000263710.8	1.37447639665	0	0.687238198325
chr2	128164729	128171284	+	ENST00000376723.7	0.549790558661	0.941172395865	0.745481477263
chr2	134253094	134254644	+	ENST00000468758.1	1.09958111732	1.25489652782	1.17723882257
chr2	135602499	135605016	+	ENST00000409478.5	0.824685837992	0.313724131955	0.5692049849735
chr2	147896300	147899567	+	ENST00000462659.1	0.274895279331	0.941172395865	0.608033837598
chr2	147896300	147899898	+	ENST00000404590.1	1.09958111732	1.88234479173	1.490962954525
chr2	147972738	147975975	-	ENST00000535373.5	0.549790558661	2.19606892369	1.3729297411755
chr2	147972738	147982081	-	ENST00000535373.5	1.37447639665	0.941172395865	1.1578243962575
chr2	159136193	159150556	+	ENST00000263635.8	1.09958111732	0.62744826391	0.863514690615
chr2	169603641	169614724	+	ENST00000260970.8	1.37447639665	0	0.687238198325
chr2	171925536	171953001	+	ENST00000412731.5	1.37447639665	2.19606892369	1.78527266017
chr2	173358711	173359491	+	ENST00000410101.7	0.549790558661	0.62744826391	0.5886194112855
chr2	189791789	189805754	+	ENST00000639501.1	0.549790558661	0.941172395865	0.745481477263
chr2	189791789	189818180	+	ENST00000639501.1	2.74895279331	3.76468958346	3.256821188385
chr2	190659157	190673152	+	ENST00000409581.5	2.47405751398	1.25489652782	1.8644770209
chr2	200856681	200856985	-	ENST00000321356.9	0.824685837992	0.941172395865	0.8829291169285
chr2	201145377	201149835	+	ENST00000443227.5	0.274895279331	1.25489652782	0.7648959035755
chr2	201760880	201761818	-	ENST00000264276.11	0.824685837992	1.25489652782	1.039791182906
chr2	202464808	202467689	+	ENST00000374580.8	1.37447639665	3.13724131955	2.2558588581
chr2	206279539	206297373	+	ENST00000374423.9	1.37447639665	0	0.687238198325
chr2	207976650	207977586	-	ENST00000427836.8	3.5736386313	3.45096545151	3.512302041405
chr2	214745066	214781509	-	ENST00000260947.9	0.824685837992	0.62744826391	0.726067050951
chr2	214767481	214781509	-	ENST00000260947.9	0.824685837992	1.56862065978	1.196653248886
chr2	214767481	214797117	-	ENST00000260947.9	1.09958111732	0.941172395865	1.0203767565925
chr2	214780559	214797117	-	ENST00000260947.9	1.09958111732	0.941172395865	1.0203767565925
chr2	214792296	214797117	-	ENST00000260947.9	1.09958111732	0	0.54979055866
chr2	222220139	222232283	-	ENST00000392069.6	0.549790558661	2.19606892369	1.3729297411755
chr2	224535527	224557856	-	ENST00000264414.9	0.549790558661	0.941172395865	0.745481477263
chr2	241140520	241143074	-	ENST00000234040.8	1.09958111732	0	0.54979055866
chr2	241403827	241418109	+	ENST00000264042.8	0.549790558661	0.941172395865	0.745481477263
chr1	805798	810170	-	ENST00000447500.4	1.09958111732	0.313724131955	0.7066526246375
chr1	1804418	1806538	-	ENST00000610897.4	0.824685837992	0.313724131955	0.5692049849735
chr1	1815755	1839238	-	ENST00000378609.9	0.824685837992	0.62744826391	0.726067050951
chr1	7777159	7778169	+	ENST00000054666.11	6.04769614527	5.01958611128	5.533641128275
chr1	8541213	8614686	-	ENST00000337907.7	0.824685837992	0.941172395865	0.8829291169285
chr1	8541213	8557523	-	ENST00000337907.7	1.09958111732	1.25489652782	1.17723882257
chr1	8655972	8656441	-	ENST00000337907.7	1.09958111732	0.941172395865	1.0203767565925
chr1	9931890	9934860	-	ENST00000488540.5	0.824685837992	2.50979305564	1.667239446816
chr1	16201781	16202574	-	ENST00000270747.8	1.09958111732	0.62744826391	0.863514690615
chr1	20749722	20773610	-	ENST00000312239.10	1.09958111732	0	0.54979055866
chr1	23030468	23050520	+	ENST00000465864.2	1.64937167598	0.62744826391	1.138409969945
chr1	24514313	24514567	+	ENST00000538532.6	0.824685837992	1.88234479173	1.353515314861
chr1	26446315	26447660	+	ENST00000434391.6	1.09958111732	0.313724131955	0.7066526246375
chr1	28742402	28743986	+	ENST00000542507.5	0.274895279331	0.941172395865	0.608033837598
chr1	29154695	29154910	-	ENST00000373795.7	0.824685837992	1.56862065978	1.196653248886
chr1	30992389	30995220	-	ENST00000257075.9	1.09958111732	1.56862065978	1.33410088855
chr1	31915894	31919658	-	ENST00000647444.2	1.09958111732	0.941172395865	1.0203767565925
chr1	32948221	32949774	-	ENST00000373456.11	0.274895279331	0.941172395865	0.608033837598
chr1	33294936	33295305	+	ENST00000539719.6	0.549790558661	1.56862065978	1.0592056092205
chr1	35358924	35361789	+	ENST00000314607.10	0.824685837992	1.56862065978	1.196653248886
chr1	35381258	35389082	+	ENST00000314607.10	0.549790558661	0.941172395865	0.745481477263
chr1	41070594	41075451	-	ENST00000397174.6	1.09958111732	1.25489652782	1.17723882257
chr1	43920403	43920928	+	ENST00000645057.1	1.09958111732	0	0.54979055866
chr1	44308309	44339322	-	ENST00000372257.6	0.824685837992	0.313724131955	0.5692049849735
chr1	44339044	44339322	-	ENST00000372257.6	0.549790558661	0.62744826391	0.5886194112855
chr1	44757555	44758140	+	ENST00000372224.9	1.64937167598	0.62744826391	1.138409969945
chr1	45566568	45567020	+	ENST00000372070.7	0.549790558661	0.62744826391	0.5886194112855
chr1	47280240	47282459	-	ENST00000337817.9	0.549790558661	1.25489652782	0.9023435432405
chr1	48355669	48359770	-	ENST00000371847.8	0.824685837992	0.62744826391	0.726067050951
chr1	51402434	51408332	-	ENST00000371733.8	1.09958111732	0.941172395865	1.0203767565925
chr1	51827795	51834170	-	ENST00000352171.11	2.19916223464	2.19606892369	2.197615579165
chr1	64629354	64641969	+	ENST00000651257.1	0.824685837992	0.941172395865	0.8829291169285
chr1	64666056	64675983	+	ENST00000651257.1	0.549790558661	0.941172395865	0.745481477263
chr1	65364634	65366196	+	ENST00000494710.6	0.824685837992	0.313724131955	0.5692049849735
chr1	66958058	66963160	+	ENST00000355977.10	0.549790558661	0.941172395865	0.745481477263
chr1	81836884	81837057	+	ENST00000370721.5	1.37447639665	1.25489652782	1.314686462235
chr1	81836884	81907230	+	ENST00000370721.5	1.09958111732	1.25489652782	1.17723882257
chr1	88770351	88786213	+	ENST00000316005.11	0.824685837992	0.941172395865	0.8829291169285
chr1	92333390	92380873	+	ENST00000610020.2	1.09958111732	0.313724131955	0.7066526246375
chr1	93876267	93877862	-	ENST00000436063.7	1.09958111732	0.941172395865	1.0203767565925
chr1	114463103	114464388	-	ENST00000358465.7	1.92426695531	0.941172395865	1.4327196755875
chr1	117402185	117420649	+	ENST00000356554.7	3.29874335197	4.39213784737	3.84544059967
chr1	117402185	117414831	+	ENST00000356554.7	1.64937167598	1.56862065978	1.60899616788
chr1	117402185	117405645	+	ENST00000356554.7	0.549790558661	0.62744826391	0.5886194112855
chr1	117402185	117442325	+	ENST00000356554.7	0.549790558661	1.56862065978	1.0592056092205
chr1	147252622	147259918	+	ENST00000650785.1	1.09958111732	0.62744826391	0.863514690615
chr1	150492410	150496908	+	ENST00000369064.8	0.274895279331	1.25489652782	0.7648959035755
chr1	151638887	151639119	+	ENST00000368843.8	0.274895279331	1.25489652782	0.7648959035755
chr1	155438326	155459898	-	ENST00000368346.7	0.549790558661	1.25489652782	0.9023435432405
chr1	155438326	155439068	-	ENST00000368346.7	0.824685837992	0.941172395865	0.8829291169285
chr1	155521099	155521618	-	ENST00000368346.7	0.824685837992	0.313724131955	0.5692049849735
chr1	155725381	155726019	+	ENST00000471642.6	1.37447639665	1.56862065978	1.471548528215
chr1	155853275	155853806	-	ENST00000368331.5	0.824685837992	1.88234479173	1.353515314861
chr1	172551511	172557794	+	ENST00000367723.8	1.09958111732	0	0.54979055866
chr1	173992754	173993135	-	ENST00000367696.6	0.824685837992	0.941172395865	0.8829291169285
chr1	179131310	179133374	-	ENST00000502732.6	1.09958111732	0	0.54979055866
chr1	180003173	180006567	+	ENST00000367607.8	0.549790558661	0.62744826391	0.5886194112855
chr1	180397515	180413471	-	ENST00000642319.1	1.09958111732	0.941172395865	1.0203767565925
chr1	180984676	180993425	-	ENST00000542060.5	0.824685837992	1.25489652782	1.039791182906
chr1	205616477	205623891	-	ENST00000616704.4	1.37447639665	1.88234479173	1.62841059419
chr1	211778917	211793190	-	ENST00000366997.9	1.09958111732	0	0.54979055866
chr1	212044659	212047417	+	ENST00000542077.5	0.824685837992	0.941172395865	0.8829291169285
chr1	220212886	220213979	-	ENST00000358951.7	0.824685837992	0.62744826391	0.726067050951
chr1	224952669	225007544	+	ENST00000430092.5	0.549790558661	1.56862065978	1.0592056092205
chr1	224952669	224974153	+	ENST00000430092.5	0.549790558661	0.941172395865	0.745481477263
chr1	231537212	231542611	+	ENST00000647072.1	2.47405751398	2.19606892369	2.335063218835
chr1	232513856	232515608	-	ENST00000366630.5	0.824685837992	1.56862065978	1.196653248886
chr1	233090060	233095863	-	ENST00000258229.14	1.09958111732	0	0.54979055866
chr1	245858495	245863886	-	ENST00000366516.5	0.549790558661	0.941172395865	0.745481477263
chr9	4823547	4827033	+	ENST00000381750.9	0.824685837992	1.88234479173	1.353515314861
chr9	6880011	6893232	+	ENST00000536108.5	1.37447639665	0	0.687238198325
chr9	14639895	14674385	-	ENST00000380916.8	0.274895279331	0.941172395865	0.608033837598
chr9	14639895	14680162	-	ENST00000380916.8	1.37447639665	0.941172395865	1.1578243962575
chr9	19070218	19096769	-	ENST00000380502.8	0.549790558661	0.62744826391	0.5886194112855
chr9	20819795	20823115	+	ENST00000380249.5	0.549790558661	0.62744826391	0.5886194112855
chr9	21476898	21477292	-	ENST00000304425.3	0.824685837992	0.313724131955	0.5692049849735
chr9	33886880	33900271	+	ENST00000263228.4	0.274895279331	0.941172395865	0.608033837598
chr9	33953284	33963791	-	ENST00000379238.5	2.74895279331	2.8235171876	2.786234990455
chr9	33971650	33973237	-	ENST00000379238.5	2.19916223464	2.19606892369	2.197615579165
chr9	34241184	34242108	+	ENST00000625521.2	0.824685837992	0.313724131955	0.5692049849735
chr9	37424844	37426654	+	ENST00000493368.5	4.39832446929	2.50979305564	3.454058762465
chr9	83677726	83678599	-	ENST00000376395.9	1.37447639665	0.313724131955	0.8441002643025
chr9	83678440	83686155	-	ENST00000376395.9	0.549790558661	1.25489652782	0.9023435432405
chr9	85618982	85633374	-	ENST00000376083.7	1.37447639665	0.62744826391	1.00096233028
chr9	85692688	85712566	-	ENST00000376083.7	0.824685837992	0.941172395865	0.8829291169285
chr9	92256679	92269983	-	ENST00000375643.7	1.37447639665	1.88234479173	1.62841059419
chr9	92268173	92269983	-	ENST00000375643.7	0.549790558661	1.25489652782	0.9023435432405
chr9	92855810	92856318	-	ENST00000375495.8	0.824685837992	0.313724131955	0.5692049849735
chr9	93471140	93476338	+	ENST00000277165.11	0.824685837992	1.56862065978	1.196653248886
chr9	93471140	93498886	+	ENST00000277165.11	1.37447639665	1.25489652782	1.314686462235
chr9	95978060	96004701	+	ENST00000320486.6	0.824685837992	0.313724131955	0.5692049849735
chr9	96509672	96565483	-	ENST00000412285.6	1.09958111732	0.62744826391	0.863514690615
chr9	96522505	96565483	-	ENST00000474602.5	1.37447639665	0	0.687238198325
chr9	100498764	100516771	+	ENST00000502978.1	4.94811502795	3.45096545151	4.19954023973
chr9	109050282	109050692	-	ENST00000374586.8	0.274895279331	1.25489652782	0.7648959035755
chr9	109106507	109108570	-	ENST00000374586.8	3.02384807264	5.33331024324	4.17857915794
chr9	110972072	110973558	-	ENST00000374431.7	1.64937167598	1.88234479173	1.765858233855
chr9	111386376	111391824	-	ENST00000338205.9	2.19916223464	1.88234479173	2.040753513185
chr9	111527267	111534353	+	ENST00000358151.8	0.549790558661	1.25489652782	0.9023435432405
chr9	111533738	111534353	+	ENST00000358151.8	0.549790558661	1.25489652782	0.9023435432405
chr9	112262434	112297916	-	ENST00000458258.5	0.274895279331	0.941172395865	0.608033837598
chr9	112574056	112575251	+	ENST00000337530.10	1.09958111732	1.56862065978	1.33410088855
chr9	116207455	116235637	+	ENST00000328252.4	0.549790558661	0.62744826391	0.5886194112855
chr9	123557569	123609481	-	ENST00000473039.5	1.09958111732	0.313724131955	0.7066526246375
chr9	123757702	123769563	-	ENST00000473039.5	1.09958111732	0.941172395865	1.0203767565925
chr9	125337017	125337591	+	ENST00000497580.5	1.37447639665	1.56862065978	1.471548528215
chr9	131430089	131432794	+	ENST00000405995.5	0.549790558661	0.941172395865	0.745481477263
chr9	131436619	131439061	+	ENST00000405995.5	1.09958111732	0.313724131955	0.7066526246375
chr9	133412298	133412921	-	ENST00000371942.8	1.37447639665	0.313724131955	0.8441002643025
chr9	135881632	135883078	-	ENST00000389532.9	14.8443450839	21.3332409729	18.0887930284
chr8	18765448	18804898	-	ENST00000440756.4	0.549790558661	0.941172395865	0.745481477263
chr8	18799294	18804898	-	ENST00000327040.13	1.92426695531	0.941172395865	1.4327196755875
chr8	28155941	28162078	+	ENST00000521015.5	1.09958111732	0.941172395865	1.0203767565925
chr8	28713456	28718207	+	ENST00000523149.5	1.09958111732	0	0.54979055866
chr8	30474778	30479377	+	ENST00000339877.8	3.02384807264	4.07841371542	3.55113089403
chr8	30474778	30504436	+	ENST00000339877.8	0.549790558661	0.62744826391	0.5886194112855
chr8	37765525	37766355	+	ENST00000523358.5	3.5736386313	2.19606892369	2.884853777495
chr8	37870419	37877551	-	ENST00000287263.8	1.64937167598	0.62744826391	1.138409969945
chr8	38424508	38426245	-	ENST00000649678.1	1.64937167598	1.56862065978	1.60899616788
chr8	38457355	38457534	-	ENST00000649678.1	3.5736386313	3.45096545151	3.512302041405
chr8	43059091	43064215	+	ENST00000534420.1	1.37447639665	1.25489652782	1.314686462235
chr8	47407860	47440542	+	ENST00000297423.8	0.824685837992	0.62744826391	0.726067050951
chr8	51860844	51861246	-	ENST00000360540.9	0.274895279331	0.941172395865	0.608033837598
chr8	60741258	60743097	+	ENST00000423902.7	1.92426695531	3.45096545151	2.68761620341
chr8	61680967	61684188	-	ENST00000379454.9	3.5736386313	3.76468958346	3.66916410738
chr8	73673106	73688813	-	ENST00000522695.5	0.824685837992	0.941172395865	0.8829291169285
chr8	80499493	80500382	+	ENST00000379091.8	1.09958111732	0	0.54979055866
chr8	97805352	97825153	+	ENST00000619747.1	0.824685837992	0.941172395865	0.8829291169285
chr8	98706466	98707311	-	ENST00000419617.7	1.09958111732	1.56862065978	1.33410088855
chr8	127890588	127890998	+	ENST00000651587.1	6.04769614527	4.07841371542	5.063054930345
chr8	130152735	130169067	-	ENST00000524124.5	0.274895279331	0.941172395865	0.608033837598
chr8	130152735	130180880	-	ENST00000518721.6	0.824685837992	1.56862065978	1.196653248886
chr8	130358016	130361771	-	ENST00000357668.2	2.19916223464	5.33331024324	3.76623623894
chr8	140739017	140752316	-	ENST00000522684.5	1.09958111732	0.62744826391	0.863514690615
chr8	140789473	140890769	-	ENST00000522684.5	1.09958111732	0	0.54979055866
chr8	140818276	140879637	-	ENST00000522684.5	0.824685837992	0.313724131955	0.5692049849735
chr8	140818276	140890769	-	ENST00000522684.5	1.92426695531	0.313724131955	1.1189955436325
chr8	140846259	140890769	-	ENST00000522684.5	0.824685837992	1.56862065978	1.196653248886
chr8	140864311	140890769	-	ENST00000522684.5	1.64937167598	0	0.82468583799
chr8	140879470	140890769	-	ENST00000522684.5	2.47405751398	1.88234479173	2.178201152855
chr8	142330900	142345892	-	ENST00000524325.6	0.549790558661	0.62744826391	0.5886194112855
chr13	21167987	21168399	-	ENST00000400018.7	0	1.56862065978	0.78431032989
chr13	113510237	113539507	+	ENST00000434316.7	0	1.25489652782	0.62744826391
chr12	28225794	28259442	+	ENST00000545336.5	0	1.56862065978	0.78431032989
chr12	51008475	51010766	-	ENST00000262051.12	0	1.25489652782	0.62744826391
chr12	111552279	111555919	-	ENST00000642389.2	0	2.19606892369	1.098034461845
chr11	9420410	9425262	+	ENST00000379719.8	0	1.25489652782	0.62744826391
chr10	72708282	72715902	+	ENST00000604679.5	0	1.56862065978	0.78431032989
chr16	8858349	8859335	-	ENST00000396593.6	0	1.25489652782	0.62744826391
chr14	55612018	55619312	+	ENST00000395314.8	0	1.25489652782	0.62744826391
chr19	12714820	12715739	-	ENST00000425528.5	0	1.25489652782	0.62744826391
chr18	22989220	23001729	+	ENST00000327155.10	0	1.25489652782	0.62744826391
chr18	26315228	26335231	+	ENST00000269142.9	0	1.25489652782	0.62744826391
chr22	17500630	17505016	+	ENST00000400585.6	0	1.56862065978	0.78431032989
chr22	27894554	27914347	-	ENST00000335272.9	0	1.25489652782	0.62744826391
chr22	38494629	38501280	-	ENST00000403230.2	0	1.56862065978	0.78431032989
chr22	38552665	38568289	-	ENST00000216024.7	0	1.56862065978	0.78431032989
chr22	45689711	45702847	+	ENST00000252934.10	0	1.25489652782	0.62744826391
chr20	62139074	62140944	-	ENST00000370873.9	0	1.25489652782	0.62744826391
chr21	44855209	44861271	-	ENST00000330938.8	0	1.56862065978	0.78431032989
chr7	26193250	26193373	-	ENST00000608362.2	0	1.25489652782	0.62744826391
chr7	35010467	35018596	-	ENST00000638088.1	0	1.56862065978	0.78431032989
chr7	105038125	105041023	+	ENST00000311117.7	0	1.25489652782	0.62744826391
chr6	87215902	87218731	+	ENST00000369578.6	0	1.88234479173	0.941172395865
chr5	136147831	136154163	+	ENST00000545279.6	0	1.25489652782	0.62744826391
chr3	50105076	50105709	+	ENST00000347869.7	0	1.25489652782	0.62744826391
chr3	196391812	196393619	-	ENST00000296328.9	0	1.25489652782	0.62744826391
chr2	61482956	61490776	-	ENST00000401558.6	0	1.88234479173	0.941172395865
chr2	106145189	106166083	-	ENST00000283148.11	0	1.25489652782	0.62744826391
chr2	238182064	238185287	-	ENST00000463129.5	0	1.25489652782	0.62744826391
chr2	239990073	240007370	-	ENST00000419408.5	0	1.88234479173	0.941172395865
chr1	51461090	51465326	-	ENST00000371730.6	0	1.25489652782	0.62744826391
chr1	53787157	53789196	-	ENST00000371429.4	0	2.19606892369	1.098034461845
chr1	90937484	90982370	-	ENST00000370440.5	0	1.25489652782	0.62744826391
chr1	213129526	213176492	+	ENST00000543354.5	0	1.25489652782	0.62744826391
chr9	131459163	131459356	+	ENST00000405995.5	0	1.25489652782	0.62744826391
chr8	37877108	37877551	-	ENST00000287263.8	0	1.88234479173	0.941172395865
